2026-08-20 11:51:46,240 - __main__ - INFO - [main.py:40] - LeadHunter AI initialized.
2026-08-20 11:51:46,240 - __main__ - INFO - [main.py:41] - Dry Run Mode: True
2026-08-20 11:51:46,241 - __main__ - INFO - [main.py:9] - Starting SQLite database test...
2026-08-20 11:51:46,262 - database - INFO - [database.py:55] - Database tables initialized successfully.
2026-08-20 11:51:46,262 - __main__ - INFO - [main.py:21] - Created Test Lead with ID: 68ca00ddd027f265c0289b54be07b06e3d96272736f8cf02b815bdabcab31cef
2026-08-20 11:51:46,275 - database - DEBUG - [database.py:109] - Lead 68ca00ddd027f265c0289b54be07b06e3d96272736f8cf02b815bdabcab31cef inserted/updated successfully.
2026-08-20 11:51:46,276 - __main__ - INFO - [main.py:25] - Lead inserted into database.
2026-08-20 11:51:46,279 - __main__ - INFO - [main.py:30] - Successfully fetched lead from database!
2026-08-20 11:51:46,280 - __main__ - INFO - [main.py:31] - Fetched Data: Business Name=Acme Corp, City=New York
2026-08-20 11:51:46,282 - database - DEBUG - [database.py:109] - Lead 68ca00ddd027f265c0289b54be07b06e3d96272736f8cf02b815bdabcab31cef inserted/updated successfully.
2026-08-20 11:51:46,282 - __main__ - INFO - [main.py:37] - Duplicate insertion handled gracefully (UPSERT successful).
2026-08-20 12:33:18,771 - __main__ - ERROR - [serpapi_search.py:31] - SERPAPI_KEY is not configured.
2026-08-20 12:34:36,214 - discovery.serpapi_search - INFO - [serpapi_search.py:34] - Starting business discovery:
city=Vadodara
business_type=restaurants
max_results=5
2026-08-20 12:34:36,221 - database - INFO - [database.py:58] - Database tables initialized successfully.
2026-08-20 12:34:36,233 - database - DEBUG - [database.py:115] - Lead 230fd204bdc93688c10c45900a6a5f0b0c1ae2c2634b877888e884cc50ea6902 inserted/updated successfully.
2026-08-20 12:34:36,233 - discovery.serpapi_search - INFO - [serpapi_search.py:135] - Lead inserted: 230fd204bdc93688c10c45900a6a5f0b0c1ae2c2634b877888e884cc50ea6902 (Vadodara Rest 1)
2026-08-20 12:34:36,251 - database - DEBUG - [database.py:115] - Lead 4f8f1d156c7fa314912e50518cdc035ef6500470faf0c7d857167e6c63bb1a05 inserted/updated successfully.
2026-08-20 12:34:36,251 - discovery.serpapi_search - INFO - [serpapi_search.py:135] - Lead inserted: 4f8f1d156c7fa314912e50518cdc035ef6500470faf0c7d857167e6c63bb1a05 (Vadodara Rest 2)
2026-08-20 12:34:36,251 - discovery.serpapi_search - INFO - [serpapi_search.py:140] - Search completed: discovered=2, inserted=2, duplicates=0
2026-08-20 12:34:36,251 - discovery.serpapi_search - INFO - [serpapi_search.py:34] - Starting business discovery:
city=Vadodara
business_type=restaurants
max_results=5
2026-08-20 12:34:36,254 - database - INFO - [database.py:58] - Database tables initialized successfully.
2026-08-20 12:34:36,256 - discovery.serpapi_search - INFO - [serpapi_search.py:128] - Skipping duplicate lead: 230fd204bdc93688c10c45900a6a5f0b0c1ae2c2634b877888e884cc50ea6902 (Vadodara Rest 1)
2026-08-20 12:34:36,257 - discovery.serpapi_search - INFO - [serpapi_search.py:128] - Skipping duplicate lead: 4f8f1d156c7fa314912e50518cdc035ef6500470faf0c7d857167e6c63bb1a05 (Vadodara Rest 2)
2026-08-20 12:34:36,258 - discovery.serpapi_search - INFO - [serpapi_search.py:140] - Search completed: discovered=2, inserted=0, duplicates=2
2026-08-20 12:47:49,404 - __main__ - INFO - [serpapi_search.py:15] - Starting business discovery:
city=Vadodara
business_type=restaurants
max_results=5
2026-08-20 12:47:49,405 - __main__ - ERROR - [serpapi_search.py:30] - SERPAPI_KEY is not configured.
2026-08-20 12:48:07,288 - __main__ - INFO - [serpapi_search.py:15] - Starting business discovery:
city=Vadodara
business_type=restaurants
max_results=5
2026-08-20 12:48:08,566 - database - INFO - [database.py:58] - Database tables initialized successfully.
2026-08-20 12:48:08,592 - database - DEBUG - [database.py:115] - Lead c31a261506f8f1ffe9b37be08bc8f95e902a5c50a5dd17d7f4526729bbe7cfde inserted/updated successfully.
2026-08-20 12:48:08,593 - __main__ - INFO - [serpapi_search.py:117] - Lead inserted: c31a261506f8f1ffe9b37be08bc8f95e902a5c50a5dd17d7f4526729bbe7cfde
2026-08-20 12:48:08,624 - database - DEBUG - [database.py:115] - Lead 7208f2b757b861324229509e4e5d0b26278f896499d4ce2fadd8549324d5e061 inserted/updated successfully.
2026-08-20 12:48:08,624 - __main__ - INFO - [serpapi_search.py:117] - Lead inserted: 7208f2b757b861324229509e4e5d0b26278f896499d4ce2fadd8549324d5e061
2026-08-20 12:48:08,653 - database - DEBUG - [database.py:115] - Lead a11bcf960b736bd5814353ef590f79b9c8a978f1e6695ad6cabb2f3522c9d015 inserted/updated successfully.
2026-08-20 12:48:08,653 - __main__ - INFO - [serpapi_search.py:117] - Lead inserted: a11bcf960b736bd5814353ef590f79b9c8a978f1e6695ad6cabb2f3522c9d015
2026-08-20 12:48:08,681 - database - DEBUG - [database.py:115] - Lead 4a32cc6e9119c917795bac7ea3353e7eb30c71df0b46d71ea2bf3193d7c4ec03 inserted/updated successfully.
2026-08-20 12:48:08,682 - __main__ - INFO - [serpapi_search.py:117] - Lead inserted: 4a32cc6e9119c917795bac7ea3353e7eb30c71df0b46d71ea2bf3193d7c4ec03
2026-08-20 12:48:08,705 - database - DEBUG - [database.py:115] - Lead d034a132b04b025a77afe787765da25eb782c1cf07f83c9b5e05c891f8f78375 inserted/updated successfully.
2026-08-20 12:48:08,705 - __main__ - INFO - [serpapi_search.py:117] - Lead inserted: d034a132b04b025a77afe787765da25eb782c1cf07f83c9b5e05c891f8f78375
2026-08-20 12:48:08,706 - __main__ - INFO - [serpapi_search.py:122] - Search completed: discovered=20, inserted=5, duplicates=0
2026-08-20 12:48:15,202 - __main__ - INFO - [serpapi_search.py:15] - Starting business discovery:
city=Vadodara
business_type=restaurants
max_results=5
2026-08-20 12:48:15,306 - database - INFO - [database.py:58] - Database tables initialized successfully.
2026-08-20 12:48:15,307 - __main__ - INFO - [serpapi_search.py:111] - Skipping duplicate lead: c31a261506f8f1ffe9b37be08bc8f95e902a5c50a5dd17d7f4526729bbe7cfde
2026-08-20 12:48:15,308 - __main__ - INFO - [serpapi_search.py:111] - Skipping duplicate lead: 7208f2b757b861324229509e4e5d0b26278f896499d4ce2fadd8549324d5e061
2026-08-20 12:48:15,310 - __main__ - INFO - [serpapi_search.py:111] - Skipping duplicate lead: a11bcf960b736bd5814353ef590f79b9c8a978f1e6695ad6cabb2f3522c9d015
2026-08-20 12:48:15,312 - __main__ - INFO - [serpapi_search.py:111] - Skipping duplicate lead: 4a32cc6e9119c917795bac7ea3353e7eb30c71df0b46d71ea2bf3193d7c4ec03
2026-08-20 12:48:15,313 - __main__ - INFO - [serpapi_search.py:111] - Skipping duplicate lead: d034a132b04b025a77afe787765da25eb782c1cf07f83c9b5e05c891f8f78375
2026-08-20 12:48:15,333 - database - DEBUG - [database.py:115] - Lead 81eb6bbbd3e2ea9590fe092e9866472d0ebf47a6918d377f3226b1ac20425f9b inserted/updated successfully.
2026-08-20 12:48:15,333 - __main__ - INFO - [serpapi_search.py:117] - Lead inserted: 81eb6bbbd3e2ea9590fe092e9866472d0ebf47a6918d377f3226b1ac20425f9b
2026-08-20 12:48:15,346 - database - DEBUG - [database.py:115] - Lead e234570c1cada57d02a9c6bb64fc89bf15443a413c4d2ba213204d5b876cd4e8 inserted/updated successfully.
2026-08-20 12:48:15,346 - __main__ - INFO - [serpapi_search.py:117] - Lead inserted: e234570c1cada57d02a9c6bb64fc89bf15443a413c4d2ba213204d5b876cd4e8
2026-08-20 12:48:15,358 - database - DEBUG - [database.py:115] - Lead 491b3b5c2da8179bdf15c87c210009c8cd1eb71d0e8b11a5a4f670e0c84c14f3 inserted/updated successfully.
2026-08-20 12:48:15,358 - __main__ - INFO - [serpapi_search.py:117] - Lead inserted: 491b3b5c2da8179bdf15c87c210009c8cd1eb71d0e8b11a5a4f670e0c84c14f3
2026-08-20 12:48:15,370 - database - DEBUG - [database.py:115] - Lead 510b7b02ec154001bfa344f57606f686afa0e1e241bd4b7e21482879b6b07e9e inserted/updated successfully.
2026-08-20 12:48:15,371 - __main__ - INFO - [serpapi_search.py:117] - Lead inserted: 510b7b02ec154001bfa344f57606f686afa0e1e241bd4b7e21482879b6b07e9e
2026-08-20 12:48:15,382 - database - DEBUG - [database.py:115] - Lead fc2c498117d6863eec83514e9fbaaadae9b8e46e8d7b617e9ce2b1cd3b6d3c86 inserted/updated successfully.
2026-08-20 12:48:15,382 - __main__ - INFO - [serpapi_search.py:117] - Lead inserted: fc2c498117d6863eec83514e9fbaaadae9b8e46e8d7b617e9ce2b1cd3b6d3c86
2026-08-20 12:48:15,382 - __main__ - INFO - [serpapi_search.py:122] - Search completed: discovered=20, inserted=5, duplicates=5
2026-08-20 12:48:26,835 - __main__ - INFO - [serpapi_search.py:15] - Starting business discovery:
city=Vadodara
business_type=restaurants
max_results=20
2026-08-20 12:48:26,924 - database - INFO - [database.py:58] - Database tables initialized successfully.
2026-08-20 12:48:26,926 - __main__ - INFO - [serpapi_search.py:111] - Skipping duplicate lead: c31a261506f8f1ffe9b37be08bc8f95e902a5c50a5dd17d7f4526729bbe7cfde
2026-08-20 12:48:26,928 - __main__ - INFO - [serpapi_search.py:111] - Skipping duplicate lead: 7208f2b757b861324229509e4e5d0b26278f896499d4ce2fadd8549324d5e061
2026-08-20 12:48:26,930 - __main__ - INFO - [serpapi_search.py:111] - Skipping duplicate lead: a11bcf960b736bd5814353ef590f79b9c8a978f1e6695ad6cabb2f3522c9d015
2026-08-20 12:48:26,931 - __main__ - INFO - [serpapi_search.py:111] - Skipping duplicate lead: 4a32cc6e9119c917795bac7ea3353e7eb30c71df0b46d71ea2bf3193d7c4ec03
2026-08-20 12:48:26,932 - __main__ - INFO - [serpapi_search.py:111] - Skipping duplicate lead: d034a132b04b025a77afe787765da25eb782c1cf07f83c9b5e05c891f8f78375
2026-08-20 12:48:26,934 - __main__ - INFO - [serpapi_search.py:111] - Skipping duplicate lead: 81eb6bbbd3e2ea9590fe092e9866472d0ebf47a6918d377f3226b1ac20425f9b
2026-08-20 12:48:26,935 - __main__ - INFO - [serpapi_search.py:111] - Skipping duplicate lead: e234570c1cada57d02a9c6bb64fc89bf15443a413c4d2ba213204d5b876cd4e8
2026-08-20 12:48:26,936 - __main__ - INFO - [serpapi_search.py:111] - Skipping duplicate lead: 491b3b5c2da8179bdf15c87c210009c8cd1eb71d0e8b11a5a4f670e0c84c14f3
2026-08-20 12:48:26,937 - __main__ - INFO - [serpapi_search.py:111] - Skipping duplicate lead: 510b7b02ec154001bfa344f57606f686afa0e1e241bd4b7e21482879b6b07e9e
2026-08-20 12:48:26,938 - __main__ - INFO - [serpapi_search.py:111] - Skipping duplicate lead: fc2c498117d6863eec83514e9fbaaadae9b8e46e8d7b617e9ce2b1cd3b6d3c86
2026-08-20 12:48:26,949 - database - DEBUG - [database.py:115] - Lead dc4a1d19b98d3634095520f80a74ec925a809a541a6023957958b1a6c13b2996 inserted/updated successfully.
2026-08-20 12:48:26,949 - __main__ - INFO - [serpapi_search.py:117] - Lead inserted: dc4a1d19b98d3634095520f80a74ec925a809a541a6023957958b1a6c13b2996
2026-08-20 12:48:26,960 - database - DEBUG - [database.py:115] - Lead 954e7786844addd19d395a658eaa0f2e040a6f62875844a46abe44f00580712f inserted/updated successfully.
2026-08-20 12:48:26,961 - __main__ - INFO - [serpapi_search.py:117] - Lead inserted: 954e7786844addd19d395a658eaa0f2e040a6f62875844a46abe44f00580712f
2026-08-20 12:48:26,972 - database - DEBUG - [database.py:115] - Lead 1f33331f49d53c5826361201cb349fd09058048ba9b16486975d867b08af754f inserted/updated successfully.
2026-08-20 12:48:26,972 - __main__ - INFO - [serpapi_search.py:117] - Lead inserted: 1f33331f49d53c5826361201cb349fd09058048ba9b16486975d867b08af754f
2026-08-20 12:48:26,986 - database - DEBUG - [database.py:115] - Lead d65cc2ef983b5aa66fb21ae9e1ba6b85442bcfd894f991a5b608d0c380ab5fb1 inserted/updated successfully.
2026-08-20 12:48:26,986 - __main__ - INFO - [serpapi_search.py:117] - Lead inserted: d65cc2ef983b5aa66fb21ae9e1ba6b85442bcfd894f991a5b608d0c380ab5fb1
2026-08-20 12:48:26,999 - database - DEBUG - [database.py:115] - Lead 5935f464148d2b9a86e0de01c63c0bfed02fb167d99b62b08e82503877545140 inserted/updated successfully.
2026-08-20 12:48:26,999 - __main__ - INFO - [serpapi_search.py:117] - Lead inserted: 5935f464148d2b9a86e0de01c63c0bfed02fb167d99b62b08e82503877545140
2026-08-20 12:48:27,010 - database - DEBUG - [database.py:115] - Lead fd8657d2b731b5d6bb2c8ddab80622646ef181713ac7c04c9f6ec0c98d1095ef inserted/updated successfully.
2026-08-20 12:48:27,010 - __main__ - INFO - [serpapi_search.py:117] - Lead inserted: fd8657d2b731b5d6bb2c8ddab80622646ef181713ac7c04c9f6ec0c98d1095ef
2026-08-20 12:48:27,021 - database - DEBUG - [database.py:115] - Lead 6fe85549400b705acab39e11fd5c701c1c613eeae10f3464f76648c8776155f0 inserted/updated successfully.
2026-08-20 12:48:27,021 - __main__ - INFO - [serpapi_search.py:117] - Lead inserted: 6fe85549400b705acab39e11fd5c701c1c613eeae10f3464f76648c8776155f0
2026-08-20 12:48:27,033 - database - DEBUG - [database.py:115] - Lead 36ef90327099341aa0a68b0741a965095ba0b8866f225894a433947c91f5464c inserted/updated successfully.
2026-08-20 12:48:27,034 - __main__ - INFO - [serpapi_search.py:117] - Lead inserted: 36ef90327099341aa0a68b0741a965095ba0b8866f225894a433947c91f5464c
2026-08-20 12:48:27,046 - database - DEBUG - [database.py:115] - Lead 074b88d085994382969f65c309a083a83abd16cc1e7635fab0ee58ccfd172731 inserted/updated successfully.
2026-08-20 12:48:27,046 - __main__ - INFO - [serpapi_search.py:117] - Lead inserted: 074b88d085994382969f65c309a083a83abd16cc1e7635fab0ee58ccfd172731
2026-08-20 12:48:27,057 - database - DEBUG - [database.py:115] - Lead 519551e02f6fea27264068dc13ec6c4a4d197c8c848b96891548dfbf3039eaff inserted/updated successfully.
2026-08-20 12:48:27,057 - __main__ - INFO - [serpapi_search.py:117] - Lead inserted: 519551e02f6fea27264068dc13ec6c4a4d197c8c848b96891548dfbf3039eaff
2026-08-20 12:48:27,058 - __main__ - INFO - [serpapi_search.py:122] - Search completed: discovered=20, inserted=10, duplicates=10
2026-08-20 12:48:37,685 - __main__ - INFO - [serpapi_search.py:15] - Starting business discovery:
city=Vadodara
business_type=restaurants
max_results=5
2026-08-20 12:48:37,781 - database - INFO - [database.py:58] - Database tables initialized successfully.
2026-08-20 12:48:37,783 - __main__ - INFO - [serpapi_search.py:111] - Skipping duplicate lead: c31a261506f8f1ffe9b37be08bc8f95e902a5c50a5dd17d7f4526729bbe7cfde
2026-08-20 12:48:37,784 - __main__ - INFO - [serpapi_search.py:111] - Skipping duplicate lead: 7208f2b757b861324229509e4e5d0b26278f896499d4ce2fadd8549324d5e061
2026-08-20 12:48:37,785 - __main__ - INFO - [serpapi_search.py:111] - Skipping duplicate lead: a11bcf960b736bd5814353ef590f79b9c8a978f1e6695ad6cabb2f3522c9d015
2026-08-20 12:48:37,786 - __main__ - INFO - [serpapi_search.py:111] - Skipping duplicate lead: 4a32cc6e9119c917795bac7ea3353e7eb30c71df0b46d71ea2bf3193d7c4ec03
2026-08-20 12:48:37,788 - __main__ - INFO - [serpapi_search.py:111] - Skipping duplicate lead: d034a132b04b025a77afe787765da25eb782c1cf07f83c9b5e05c891f8f78375
2026-08-20 12:48:37,789 - __main__ - INFO - [serpapi_search.py:111] - Skipping duplicate lead: 81eb6bbbd3e2ea9590fe092e9866472d0ebf47a6918d377f3226b1ac20425f9b
2026-08-20 12:48:37,792 - __main__ - INFO - [serpapi_search.py:111] - Skipping duplicate lead: e234570c1cada57d02a9c6bb64fc89bf15443a413c4d2ba213204d5b876cd4e8
2026-08-20 12:48:37,795 - __main__ - INFO - [serpapi_search.py:111] - Skipping duplicate lead: 491b3b5c2da8179bdf15c87c210009c8cd1eb71d0e8b11a5a4f670e0c84c14f3
2026-08-20 12:48:37,797 - __main__ - INFO - [serpapi_search.py:111] - Skipping duplicate lead: 510b7b02ec154001bfa344f57606f686afa0e1e241bd4b7e21482879b6b07e9e
2026-08-20 12:48:37,799 - __main__ - INFO - [serpapi_search.py:111] - Skipping duplicate lead: fc2c498117d6863eec83514e9fbaaadae9b8e46e8d7b617e9ce2b1cd3b6d3c86
2026-08-20 12:48:37,800 - __main__ - INFO - [serpapi_search.py:111] - Skipping duplicate lead: dc4a1d19b98d3634095520f80a74ec925a809a541a6023957958b1a6c13b2996
2026-08-20 12:48:37,802 - __main__ - INFO - [serpapi_search.py:111] - Skipping duplicate lead: 954e7786844addd19d395a658eaa0f2e040a6f62875844a46abe44f00580712f
2026-08-20 12:48:37,803 - __main__ - INFO - [serpapi_search.py:111] - Skipping duplicate lead: 1f33331f49d53c5826361201cb349fd09058048ba9b16486975d867b08af754f
2026-08-20 12:48:37,805 - __main__ - INFO - [serpapi_search.py:111] - Skipping duplicate lead: d65cc2ef983b5aa66fb21ae9e1ba6b85442bcfd894f991a5b608d0c380ab5fb1
2026-08-20 12:48:37,807 - __main__ - INFO - [serpapi_search.py:111] - Skipping duplicate lead: 5935f464148d2b9a86e0de01c63c0bfed02fb167d99b62b08e82503877545140
2026-08-20 12:48:37,809 - __main__ - INFO - [serpapi_search.py:111] - Skipping duplicate lead: fd8657d2b731b5d6bb2c8ddab80622646ef181713ac7c04c9f6ec0c98d1095ef
2026-08-20 12:48:37,811 - __main__ - INFO - [serpapi_search.py:111] - Skipping duplicate lead: 6fe85549400b705acab39e11fd5c701c1c613eeae10f3464f76648c8776155f0
2026-08-20 12:48:37,813 - __main__ - INFO - [serpapi_search.py:111] - Skipping duplicate lead: 36ef90327099341aa0a68b0741a965095ba0b8866f225894a433947c91f5464c
2026-08-20 12:48:37,815 - __main__ - INFO - [serpapi_search.py:111] - Skipping duplicate lead: 074b88d085994382969f65c309a083a83abd16cc1e7635fab0ee58ccfd172731
2026-08-20 12:48:37,816 - __main__ - INFO - [serpapi_search.py:111] - Skipping duplicate lead: 519551e02f6fea27264068dc13ec6c4a4d197c8c848b96891548dfbf3039eaff
2026-08-20 12:48:37,817 - __main__ - INFO - [serpapi_search.py:122] - Search completed: discovered=20, inserted=0, duplicates=20
2026-08-20 12:57:44,995 - __main__ - INFO - [deduplicate.py:142] - Starting normalization and deduplication process...
2026-08-20 12:57:45,010 - database - INFO - [database.py:58] - Database tables initialized successfully.
2026-08-20 12:57:45,033 - database - DEBUG - [database.py:115] - Lead 68ca00ddd027f265c0289b54be07b06e3d96272736f8cf02b815bdabcab31cef inserted/updated successfully.
2026-08-20 12:57:45,053 - database - DEBUG - [database.py:115] - Lead 230fd204bdc93688c10c45900a6a5f0b0c1ae2c2634b877888e884cc50ea6902 inserted/updated successfully.
2026-08-20 12:57:45,055 - __main__ - INFO - [deduplicate.py:83] - Duplicate detected: 4f8f1d156c7fa314912e50518cdc035ef6500470faf0c7d857167e6c63bb1a05. Reason: Name and Address match with 230fd204bdc93688c10c45900a6a5f0b0c1ae2c2634b877888e884cc50ea6902
2026-08-20 12:57:45,071 - database - DEBUG - [database.py:115] - Lead 4f8f1d156c7fa314912e50518cdc035ef6500470faf0c7d857167e6c63bb1a05 inserted/updated successfully.
2026-08-20 12:57:45,090 - database - DEBUG - [database.py:115] - Lead c31a261506f8f1ffe9b37be08bc8f95e902a5c50a5dd17d7f4526729bbe7cfde inserted/updated successfully.
2026-08-20 12:57:45,105 - database - DEBUG - [database.py:115] - Lead 7208f2b757b861324229509e4e5d0b26278f896499d4ce2fadd8549324d5e061 inserted/updated successfully.
2026-08-20 12:57:45,118 - database - DEBUG - [database.py:115] - Lead a11bcf960b736bd5814353ef590f79b9c8a978f1e6695ad6cabb2f3522c9d015 inserted/updated successfully.
2026-08-20 12:57:45,131 - database - DEBUG - [database.py:115] - Lead 4a32cc6e9119c917795bac7ea3353e7eb30c71df0b46d71ea2bf3193d7c4ec03 inserted/updated successfully.
2026-08-20 12:57:45,143 - database - DEBUG - [database.py:115] - Lead d034a132b04b025a77afe787765da25eb782c1cf07f83c9b5e05c891f8f78375 inserted/updated successfully.
2026-08-20 12:57:45,155 - database - DEBUG - [database.py:115] - Lead 81eb6bbbd3e2ea9590fe092e9866472d0ebf47a6918d377f3226b1ac20425f9b inserted/updated successfully.
2026-08-20 12:57:45,169 - database - DEBUG - [database.py:115] - Lead e234570c1cada57d02a9c6bb64fc89bf15443a413c4d2ba213204d5b876cd4e8 inserted/updated successfully.
2026-08-20 12:57:45,181 - database - DEBUG - [database.py:115] - Lead 491b3b5c2da8179bdf15c87c210009c8cd1eb71d0e8b11a5a4f670e0c84c14f3 inserted/updated successfully.
2026-08-20 12:57:45,194 - database - DEBUG - [database.py:115] - Lead 510b7b02ec154001bfa344f57606f686afa0e1e241bd4b7e21482879b6b07e9e inserted/updated successfully.
2026-08-20 12:57:45,206 - database - DEBUG - [database.py:115] - Lead fc2c498117d6863eec83514e9fbaaadae9b8e46e8d7b617e9ce2b1cd3b6d3c86 inserted/updated successfully.
2026-08-20 12:57:45,218 - database - DEBUG - [database.py:115] - Lead dc4a1d19b98d3634095520f80a74ec925a809a541a6023957958b1a6c13b2996 inserted/updated successfully.
2026-08-20 12:57:45,229 - database - DEBUG - [database.py:115] - Lead 954e7786844addd19d395a658eaa0f2e040a6f62875844a46abe44f00580712f inserted/updated successfully.
2026-08-20 12:57:45,240 - database - DEBUG - [database.py:115] - Lead 1f33331f49d53c5826361201cb349fd09058048ba9b16486975d867b08af754f inserted/updated successfully.
2026-08-20 12:57:45,257 - database - DEBUG - [database.py:115] - Lead d65cc2ef983b5aa66fb21ae9e1ba6b85442bcfd894f991a5b608d0c380ab5fb1 inserted/updated successfully.
2026-08-20 12:57:45,268 - database - DEBUG - [database.py:115] - Lead 5935f464148d2b9a86e0de01c63c0bfed02fb167d99b62b08e82503877545140 inserted/updated successfully.
2026-08-20 12:57:45,279 - database - DEBUG - [database.py:115] - Lead fd8657d2b731b5d6bb2c8ddab80622646ef181713ac7c04c9f6ec0c98d1095ef inserted/updated successfully.
2026-08-20 12:57:45,298 - database - DEBUG - [database.py:115] - Lead 6fe85549400b705acab39e11fd5c701c1c613eeae10f3464f76648c8776155f0 inserted/updated successfully.
2026-08-20 12:57:45,316 - database - DEBUG - [database.py:115] - Lead 36ef90327099341aa0a68b0741a965095ba0b8866f225894a433947c91f5464c inserted/updated successfully.
2026-08-20 12:57:45,330 - database - DEBUG - [database.py:115] - Lead 074b88d085994382969f65c309a083a83abd16cc1e7635fab0ee58ccfd172731 inserted/updated successfully.
2026-08-20 12:57:45,347 - database - DEBUG - [database.py:115] - Lead 519551e02f6fea27264068dc13ec6c4a4d197c8c848b96891548dfbf3039eaff inserted/updated successfully.
2026-08-20 12:59:04,292 - __main__ - INFO - [website_checker.py:205] - Starting Website Verification Module...
2026-08-20 12:59:04,295 - database - INFO - [database.py:58] - Database tables initialized successfully.
2026-08-20 12:59:04,296 - __main__ - INFO - [website_checker.py:126] - Checking website for Acme Corp (68ca00ddd027f265c0289b54be07b06e3d96272736f8cf02b815bdabcab31cef)
2026-08-20 12:59:04,297 - __main__ - INFO - [website_checker.py:133] - No real website found. Searching via SerpAPI...
2026-08-20 12:59:16,399 - __main__ - INFO - [website_checker.py:138] - Found website via SerpAPI: https://storelocator.acmecorp.com/en/l/United+States/New+York/New+York
2026-08-20 12:59:17,941 - __main__ - INFO - [website_checker.py:153] - Website Verification Result: DOMAIN_ONLY
2026-08-20 12:59:17,973 - database - DEBUG - [database.py:115] - Lead 68ca00ddd027f265c0289b54be07b06e3d96272736f8cf02b815bdabcab31cef inserted/updated successfully.
2026-08-20 12:59:18,974 - __main__ - INFO - [website_checker.py:126] - Checking website for Vadodara Rest 1 (230fd204bdc93688c10c45900a6a5f0b0c1ae2c2634b877888e884cc50ea6902)
2026-08-20 12:59:22,897 - __main__ - INFO - [website_checker.py:153] - Website Verification Result: DOMAIN_ONLY
2026-08-20 12:59:22,914 - database - DEBUG - [database.py:115] - Lead 230fd204bdc93688c10c45900a6a5f0b0c1ae2c2634b877888e884cc50ea6902 inserted/updated successfully.
2026-08-20 12:59:23,915 - __main__ - INFO - [website_checker.py:126] - Checking website for Candle Light Date N Dinner & Rooftop Restaurant Vadodara (c31a261506f8f1ffe9b37be08bc8f95e902a5c50a5dd17d7f4526729bbe7cfde)
2026-08-20 12:59:23,916 - __main__ - INFO - [website_checker.py:133] - No real website found. Searching via SerpAPI...
2026-08-20 12:59:30,435 - __main__ - INFO - [website_checker.py:138] - Found website via SerpAPI: https://www.district.in/dining/vadodara/candle-light-date-n-dinner-restaurant-gotri?srsltid=AfmBOooowAth77Weq6Dt4yusCWCtc6wmwlRc6GKsjy7boIcYak0MnoYK
2026-08-20 12:59:31,080 - __main__ - INFO - [website_checker.py:153] - Website Verification Result: VALID_WEBSITE
2026-08-20 12:59:31,104 - database - DEBUG - [database.py:115] - Lead c31a261506f8f1ffe9b37be08bc8f95e902a5c50a5dd17d7f4526729bbe7cfde inserted/updated successfully.
2026-08-20 12:59:32,105 - __main__ - INFO - [website_checker.py:126] - Checking website for Vibes The Bistro (7208f2b757b861324229509e4e5d0b26278f896499d4ce2fadd8549324d5e061)
2026-08-20 12:59:32,398 - __main__ - INFO - [website_checker.py:153] - Website Verification Result: DOMAIN_ONLY
2026-08-20 12:59:32,412 - database - DEBUG - [database.py:115] - Lead 7208f2b757b861324229509e4e5d0b26278f896499d4ce2fadd8549324d5e061 inserted/updated successfully.
2026-08-20 12:59:33,413 - __main__ - INFO - [website_checker.py:126] - Checking website for Jassi De Parathe (a11bcf960b736bd5814353ef590f79b9c8a978f1e6695ad6cabb2f3522c9d015)
2026-08-20 12:59:33,867 - __main__ - WARNING - [website_checker.py:80] - HTTP Error 403 for https://www.jassideparathe.com/
2026-08-20 12:59:33,868 - __main__ - INFO - [website_checker.py:153] - Website Verification Result: BROKEN_WEBSITE
2026-08-20 12:59:33,897 - database - DEBUG - [database.py:115] - Lead a11bcf960b736bd5814353ef590f79b9c8a978f1e6695ad6cabb2f3522c9d015 inserted/updated successfully.
2026-08-20 12:59:34,898 - __main__ - INFO - [website_checker.py:126] - Checking website for The House of Makeba - Veg Family Dining Restaurant in Vadodara (4a32cc6e9119c917795bac7ea3353e7eb30c71df0b46d71ea2bf3193d7c4ec03)
2026-08-20 12:59:36,088 - __main__ - INFO - [website_checker.py:153] - Website Verification Result: VALID_WEBSITE
2026-08-20 12:59:36,098 - database - DEBUG - [database.py:115] - Lead 4a32cc6e9119c917795bac7ea3353e7eb30c71df0b46d71ea2bf3193d7c4ec03 inserted/updated successfully.
2026-08-20 12:59:37,099 - __main__ - INFO - [website_checker.py:126] - Checking website for Le Prive World Cuisine (d034a132b04b025a77afe787765da25eb782c1cf07f83c9b5e05c891f8f78375)
2026-08-20 12:59:37,100 - __main__ - INFO - [website_checker.py:133] - No real website found. Searching via SerpAPI...
2026-08-20 12:59:39,592 - __main__ - INFO - [website_checker.py:138] - Found website via SerpAPI: https://www.tripadvisor.com/Restaurant_Review-g297613-d13748420-Reviews-Le_Prive_World_Cuisine_Pizzeria-Vadodara_Vadodara_District_Gujarat.html
2026-08-20 12:59:39,867 - __main__ - WARNING - [website_checker.py:80] - HTTP Error 403 for https://www.tripadvisor.com/Restaurant_Review-g297613-d13748420-Reviews-Le_Prive_World_Cuisine_Pizzeria-Vadodara_Vadodara_District_Gujarat.html
2026-08-20 12:59:39,867 - __main__ - INFO - [website_checker.py:153] - Website Verification Result: BROKEN_WEBSITE
2026-08-20 12:59:39,903 - database - DEBUG - [database.py:115] - Lead d034a132b04b025a77afe787765da25eb782c1cf07f83c9b5e05c891f8f78375 inserted/updated successfully.
2026-08-20 12:59:40,904 - __main__ - INFO - [website_checker.py:126] - Checking website for Taste Carnival - (Banquet, Rooms, Restaurant) (81eb6bbbd3e2ea9590fe092e9866472d0ebf47a6918d377f3226b1ac20425f9b)
2026-08-20 12:59:40,905 - __main__ - INFO - [website_checker.py:133] - No real website found. Searching via SerpAPI...
2026-08-20 12:59:46,818 - __main__ - INFO - [website_checker.py:138] - Found website via SerpAPI: https://www.eazydiner.com/vadodara/taste-carnival-gotri-vadodara-703399
2026-08-20 12:59:47,462 - __main__ - INFO - [website_checker.py:153] - Website Verification Result: VALID_WEBSITE
2026-08-20 12:59:47,481 - database - DEBUG - [database.py:115] - Lead 81eb6bbbd3e2ea9590fe092e9866472d0ebf47a6918d377f3226b1ac20425f9b inserted/updated successfully.
2026-08-20 12:59:48,482 - __main__ - INFO - [website_checker.py:126] - Checking website for Spice Kraft Restaurant (e234570c1cada57d02a9c6bb64fc89bf15443a413c4d2ba213204d5b876cd4e8)
2026-08-20 12:59:48,483 - __main__ - INFO - [website_checker.py:133] - No real website found. Searching via SerpAPI...
2026-08-20 12:59:51,611 - __main__ - INFO - [website_checker.py:138] - Found website via SerpAPI: https://www.spicekraftva.com/?srsltid=AfmBOor37Cy6L6JmgL9NdzSIfmVSX_9a-mAMvwXBnauelPuxzon6jAA5
2026-08-20 12:59:52,494 - __main__ - INFO - [website_checker.py:153] - Website Verification Result: VALID_WEBSITE
2026-08-20 12:59:52,518 - database - DEBUG - [database.py:115] - Lead e234570c1cada57d02a9c6bb64fc89bf15443a413c4d2ba213204d5b876cd4e8 inserted/updated successfully.
2026-08-20 12:59:53,519 - __main__ - INFO - [website_checker.py:126] - Checking website for Sakura Pan Asian Cuisine (491b3b5c2da8179bdf15c87c210009c8cd1eb71d0e8b11a5a4f670e0c84c14f3)
2026-08-20 12:59:53,971 - __main__ - INFO - [website_checker.py:153] - Website Verification Result: VALID_WEBSITE
2026-08-20 12:59:53,986 - database - DEBUG - [database.py:115] - Lead 491b3b5c2da8179bdf15c87c210009c8cd1eb71d0e8b11a5a4f670e0c84c14f3 inserted/updated successfully.
2026-08-20 12:59:54,987 - __main__ - INFO - [website_checker.py:126] - Checking website for Retro Bistro : The Fine Multi Cuisine Restaurant ( Vadodara ) (510b7b02ec154001bfa344f57606f686afa0e1e241bd4b7e21482879b6b07e9e)
2026-08-20 12:59:59,162 - __main__ - INFO - [website_checker.py:153] - Website Verification Result: VALID_WEBSITE
2026-08-20 12:59:59,180 - database - DEBUG - [database.py:115] - Lead 510b7b02ec154001bfa344f57606f686afa0e1e241bd4b7e21482879b6b07e9e inserted/updated successfully.
2026-08-20 13:00:00,181 - __main__ - INFO - [website_checker.py:126] - Checking website for The Secret Kitchen (fc2c498117d6863eec83514e9fbaaadae9b8e46e8d7b617e9ce2b1cd3b6d3c86)
2026-08-20 13:00:02,058 - __main__ - INFO - [website_checker.py:153] - Website Verification Result: VALID_WEBSITE
2026-08-20 13:00:02,083 - database - DEBUG - [database.py:115] - Lead fc2c498117d6863eec83514e9fbaaadae9b8e46e8d7b617e9ce2b1cd3b6d3c86 inserted/updated successfully.
2026-08-20 13:00:03,084 - __main__ - INFO - [website_checker.py:126] - Checking website for Peshawri by Welcomhotel Vadodara (dc4a1d19b98d3634095520f80a74ec925a809a541a6023957958b1a6c13b2996)
2026-08-20 13:00:03,746 - __main__ - INFO - [website_checker.py:153] - Website Verification Result: VALID_WEBSITE
2026-08-20 13:00:03,770 - database - DEBUG - [database.py:115] - Lead dc4a1d19b98d3634095520f80a74ec925a809a541a6023957958b1a6c13b2996 inserted/updated successfully.
2026-08-20 13:00:04,771 - __main__ - INFO - [website_checker.py:126] - Checking website for Island The Restaurant Waves Club (954e7786844addd19d395a658eaa0f2e040a6f62875844a46abe44f00580712f)
2026-08-20 13:00:04,772 - __main__ - INFO - [website_checker.py:133] - No real website found. Searching via SerpAPI...
2026-08-20 13:00:14,202 - __main__ - INFO - [website_checker.py:138] - Found website via SerpAPI: https://www.tripadvisor.com/Restaurant_Review-g297613-d12652416-Reviews-Waves_Club-Vadodara_Vadodara_District_Gujarat.html
2026-08-20 13:00:14,476 - __main__ - WARNING - [website_checker.py:80] - HTTP Error 403 for https://www.tripadvisor.com/Restaurant_Review-g297613-d12652416-Reviews-Waves_Club-Vadodara_Vadodara_District_Gujarat.html
2026-08-20 13:00:14,476 - __main__ - INFO - [website_checker.py:153] - Website Verification Result: BROKEN_WEBSITE
2026-08-20 13:00:14,508 - database - DEBUG - [database.py:115] - Lead 954e7786844addd19d395a658eaa0f2e040a6f62875844a46abe44f00580712f inserted/updated successfully.
2026-08-20 13:00:15,510 - __main__ - INFO - [website_checker.py:126] - Checking website for The Morsel Restaurant (1f33331f49d53c5826361201cb349fd09058048ba9b16486975d867b08af754f)
2026-08-20 13:00:15,901 - __main__ - WARNING - [website_checker.py:80] - HTTP Error 403 for http://www.themorsel.in/
2026-08-20 13:00:15,902 - __main__ - INFO - [website_checker.py:153] - Website Verification Result: BROKEN_WEBSITE
2026-08-20 13:00:15,931 - database - DEBUG - [database.py:115] - Lead 1f33331f49d53c5826361201cb349fd09058048ba9b16486975d867b08af754f inserted/updated successfully.
2026-08-20 13:00:16,932 - __main__ - INFO - [website_checker.py:126] - Checking website for Bayleaf Multi Cuisine Restaurant (d65cc2ef983b5aa66fb21ae9e1ba6b85442bcfd894f991a5b608d0c380ab5fb1)
2026-08-20 13:00:19,678 - __main__ - INFO - [website_checker.py:153] - Website Verification Result: VALID_WEBSITE
2026-08-20 13:00:19,700 - database - DEBUG - [database.py:115] - Lead d65cc2ef983b5aa66fb21ae9e1ba6b85442bcfd894f991a5b608d0c380ab5fb1 inserted/updated successfully.
2026-08-20 13:00:20,700 - __main__ - INFO - [website_checker.py:126] - Checking website for 22nd Parallel (5935f464148d2b9a86e0de01c63c0bfed02fb167d99b62b08e82503877545140)
2026-08-20 13:00:23,157 - __main__ - INFO - [website_checker.py:153] - Website Verification Result: VALID_WEBSITE
2026-08-20 13:00:23,182 - database - DEBUG - [database.py:115] - Lead 5935f464148d2b9a86e0de01c63c0bfed02fb167d99b62b08e82503877545140 inserted/updated successfully.
2026-08-20 13:00:24,184 - __main__ - INFO - [website_checker.py:126] - Checking website for Barbeque Nation - Vadodara - Cine Mall (fd8657d2b731b5d6bb2c8ddab80622646ef181713ac7c04c9f6ec0c98d1095ef)
2026-08-20 13:00:24,684 - __main__ - INFO - [website_checker.py:153] - Website Verification Result: VALID_WEBSITE
2026-08-20 13:00:24,708 - database - DEBUG - [database.py:115] - Lead fd8657d2b731b5d6bb2c8ddab80622646ef181713ac7c04c9f6ec0c98d1095ef inserted/updated successfully.
2026-08-20 13:00:25,710 - __main__ - INFO - [website_checker.py:126] - Checking website for 812 CE Urban Restaurant (6fe85549400b705acab39e11fd5c701c1c613eeae10f3464f76648c8776155f0)
2026-08-20 13:00:25,800 - __main__ - WARNING - [website_checker.py:80] - HTTP Error 403 for https://www.marriott.com/en-us/hotels/bdqcc-courtyard-vadodara/dining/
2026-08-20 13:00:25,801 - __main__ - INFO - [website_checker.py:153] - Website Verification Result: BROKEN_WEBSITE
2026-08-20 13:00:25,832 - database - DEBUG - [database.py:115] - Lead 6fe85549400b705acab39e11fd5c701c1c613eeae10f3464f76648c8776155f0 inserted/updated successfully.
2026-08-20 13:00:26,833 - __main__ - INFO - [website_checker.py:126] - Checking website for The Highway Eats - Vadodara | Multicuisine Restaurant, Rooms, Banquet & Poolside Party Lawns (36ef90327099341aa0a68b0741a965095ba0b8866f225894a433947c91f5464c)
2026-08-20 13:00:26,834 - __main__ - INFO - [website_checker.py:133] - No real website found. Searching via SerpAPI...
2026-08-20 13:00:29,513 - __main__ - INFO - [website_checker.py:138] - Found website via SerpAPI: https://www.google.com/goto?url=CAESaQHuR6pNgxvmmbAJvVhZuf67RPF2GYLoAbh0_Oj99qcPgS6qfyg9I8-6wTjv2HY9_09Bvtu8vOtf1k-kjUC3C_GbsiHyzMmo81bL3tjObr9aD9hc-oL6YC4lbMPaq7C6PsIlVF1jWn7DxQ==
2026-08-20 13:00:30,365 - __main__ - INFO - [website_checker.py:153] - Website Verification Result: DOMAIN_ONLY
2026-08-20 13:00:30,400 - database - DEBUG - [database.py:115] - Lead 36ef90327099341aa0a68b0741a965095ba0b8866f225894a433947c91f5464c inserted/updated successfully.
2026-08-20 13:00:31,401 - __main__ - INFO - [website_checker.py:126] - Checking website for Nizam's The Royal Kitchen (074b88d085994382969f65c309a083a83abd16cc1e7635fab0ee58ccfd172731)
2026-08-20 13:00:32,578 - __main__ - INFO - [website_checker.py:153] - Website Verification Result: VALID_WEBSITE
2026-08-20 13:00:32,606 - database - DEBUG - [database.py:115] - Lead 074b88d085994382969f65c309a083a83abd16cc1e7635fab0ee58ccfd172731 inserted/updated successfully.
2026-08-20 13:00:33,607 - __main__ - INFO - [website_checker.py:126] - Checking website for Fitoor (519551e02f6fea27264068dc13ec6c4a4d197c8c848b96891548dfbf3039eaff)
2026-08-20 13:00:33,608 - __main__ - INFO - [website_checker.py:133] - No real website found. Searching via SerpAPI...
2026-08-20 13:00:58,513 - __main__ - INFO - [website_checker.py:138] - Found website via SerpAPI: https://www.tripadvisor.com/Restaurant_Review-g297613-d8603282-Reviews-Cafe_Fitoor-Vadodara_Vadodara_District_Gujarat.html
2026-08-20 13:00:58,774 - __main__ - WARNING - [website_checker.py:80] - HTTP Error 403 for https://www.tripadvisor.com/Restaurant_Review-g297613-d8603282-Reviews-Cafe_Fitoor-Vadodara_Vadodara_District_Gujarat.html
2026-08-20 13:00:58,775 - __main__ - INFO - [website_checker.py:153] - Website Verification Result: BROKEN_WEBSITE
2026-08-20 13:00:58,801 - database - DEBUG - [database.py:115] - Lead 519551e02f6fea27264068dc13ec6c4a4d197c8c848b96891548dfbf3039eaff inserted/updated successfully.
2026-08-20 13:00:59,803 - __main__ - INFO - [website_checker.py:202] - Website checking complete. Processed 22 leads.
2026-08-20 13:02:20,471 - __main__ - INFO - [lead_scorer.py:150] - Starting Lead Scoring Module...
2026-08-20 13:02:20,473 - database - INFO - [database.py:58] - Database tables initialized successfully.
2026-08-20 13:02:20,474 - __main__ - INFO - [lead_scorer.py:104] - Scored Acme Corp (68ca00ddd027f265c0289b54be07b06e3d96272736f8cf02b815bdabcab31cef): Score=35.0, Tier=LOW
2026-08-20 13:02:20,486 - database - DEBUG - [database.py:115] - Lead 68ca00ddd027f265c0289b54be07b06e3d96272736f8cf02b815bdabcab31cef inserted/updated successfully.
2026-08-20 13:02:20,486 - __main__ - INFO - [lead_scorer.py:104] - Scored Vadodara Rest 1 (230fd204bdc93688c10c45900a6a5f0b0c1ae2c2634b877888e884cc50ea6902): Score=60.0, Tier=WARM
2026-08-20 13:02:20,497 - database - DEBUG - [database.py:115] - Lead 230fd204bdc93688c10c45900a6a5f0b0c1ae2c2634b877888e884cc50ea6902 inserted/updated successfully.
2026-08-20 13:02:20,498 - __main__ - INFO - [lead_scorer.py:104] - Scored Candle Light Date N Dinner & Rooftop Restaurant Vadodara (c31a261506f8f1ffe9b37be08bc8f95e902a5c50a5dd17d7f4526729bbe7cfde): Score=40.0, Tier=LOW
2026-08-20 13:02:20,508 - database - DEBUG - [database.py:115] - Lead c31a261506f8f1ffe9b37be08bc8f95e902a5c50a5dd17d7f4526729bbe7cfde inserted/updated successfully.
2026-08-20 13:02:20,508 - __main__ - INFO - [lead_scorer.py:104] - Scored Vibes The Bistro (7208f2b757b861324229509e4e5d0b26278f896499d4ce2fadd8549324d5e061): Score=60.0, Tier=WARM
2026-08-20 13:02:20,519 - database - DEBUG - [database.py:115] - Lead 7208f2b757b861324229509e4e5d0b26278f896499d4ce2fadd8549324d5e061 inserted/updated successfully.
2026-08-20 13:02:20,520 - __main__ - INFO - [lead_scorer.py:104] - Scored Jassi De Parathe (a11bcf960b736bd5814353ef590f79b9c8a978f1e6695ad6cabb2f3522c9d015): Score=75.0, Tier=HOT
2026-08-20 13:02:20,531 - database - DEBUG - [database.py:115] - Lead a11bcf960b736bd5814353ef590f79b9c8a978f1e6695ad6cabb2f3522c9d015 inserted/updated successfully.
2026-08-20 13:02:20,531 - __main__ - INFO - [lead_scorer.py:104] - Scored The House of Makeba - Veg Family Dining Restaurant in Vadodara (4a32cc6e9119c917795bac7ea3353e7eb30c71df0b46d71ea2bf3193d7c4ec03): Score=40.0, Tier=LOW
2026-08-20 13:02:20,542 - database - DEBUG - [database.py:115] - Lead 4a32cc6e9119c917795bac7ea3353e7eb30c71df0b46d71ea2bf3193d7c4ec03 inserted/updated successfully.
2026-08-20 13:02:20,542 - __main__ - INFO - [lead_scorer.py:104] - Scored Le Prive World Cuisine (d034a132b04b025a77afe787765da25eb782c1cf07f83c9b5e05c891f8f78375): Score=75.0, Tier=HOT
2026-08-20 13:02:20,554 - database - DEBUG - [database.py:115] - Lead d034a132b04b025a77afe787765da25eb782c1cf07f83c9b5e05c891f8f78375 inserted/updated successfully.
2026-08-20 13:02:20,554 - __main__ - INFO - [lead_scorer.py:104] - Scored Taste Carnival - (Banquet, Rooms, Restaurant) (81eb6bbbd3e2ea9590fe092e9866472d0ebf47a6918d377f3226b1ac20425f9b): Score=40.0, Tier=LOW
2026-08-20 13:02:20,566 - database - DEBUG - [database.py:115] - Lead 81eb6bbbd3e2ea9590fe092e9866472d0ebf47a6918d377f3226b1ac20425f9b inserted/updated successfully.
2026-08-20 13:02:20,566 - __main__ - INFO - [lead_scorer.py:104] - Scored Spice Kraft Restaurant (e234570c1cada57d02a9c6bb64fc89bf15443a413c4d2ba213204d5b876cd4e8): Score=40.0, Tier=LOW
2026-08-20 13:02:20,579 - database - DEBUG - [database.py:115] - Lead e234570c1cada57d02a9c6bb64fc89bf15443a413c4d2ba213204d5b876cd4e8 inserted/updated successfully.
2026-08-20 13:02:20,580 - __main__ - INFO - [lead_scorer.py:104] - Scored Sakura Pan Asian Cuisine (491b3b5c2da8179bdf15c87c210009c8cd1eb71d0e8b11a5a4f670e0c84c14f3): Score=40.0, Tier=LOW
2026-08-20 13:02:20,590 - database - DEBUG - [database.py:115] - Lead 491b3b5c2da8179bdf15c87c210009c8cd1eb71d0e8b11a5a4f670e0c84c14f3 inserted/updated successfully.
2026-08-20 13:02:20,590 - __main__ - INFO - [lead_scorer.py:104] - Scored Retro Bistro : The Fine Multi Cuisine Restaurant ( Vadodara ) (510b7b02ec154001bfa344f57606f686afa0e1e241bd4b7e21482879b6b07e9e): Score=40.0, Tier=LOW
2026-08-20 13:02:20,601 - database - DEBUG - [database.py:115] - Lead 510b7b02ec154001bfa344f57606f686afa0e1e241bd4b7e21482879b6b07e9e inserted/updated successfully.
2026-08-20 13:02:20,601 - __main__ - INFO - [lead_scorer.py:104] - Scored The Secret Kitchen (fc2c498117d6863eec83514e9fbaaadae9b8e46e8d7b617e9ce2b1cd3b6d3c86): Score=40.0, Tier=LOW
2026-08-20 13:02:20,612 - database - DEBUG - [database.py:115] - Lead fc2c498117d6863eec83514e9fbaaadae9b8e46e8d7b617e9ce2b1cd3b6d3c86 inserted/updated successfully.
2026-08-20 13:02:20,612 - __main__ - INFO - [lead_scorer.py:104] - Scored Peshawri by Welcomhotel Vadodara (dc4a1d19b98d3634095520f80a74ec925a809a541a6023957958b1a6c13b2996): Score=40.0, Tier=LOW
2026-08-20 13:02:20,623 - database - DEBUG - [database.py:115] - Lead dc4a1d19b98d3634095520f80a74ec925a809a541a6023957958b1a6c13b2996 inserted/updated successfully.
2026-08-20 13:02:20,624 - __main__ - INFO - [lead_scorer.py:104] - Scored Island The Restaurant Waves Club (954e7786844addd19d395a658eaa0f2e040a6f62875844a46abe44f00580712f): Score=75.0, Tier=HOT
2026-08-20 13:02:20,634 - database - DEBUG - [database.py:115] - Lead 954e7786844addd19d395a658eaa0f2e040a6f62875844a46abe44f00580712f inserted/updated successfully.
2026-08-20 13:02:20,634 - __main__ - INFO - [lead_scorer.py:104] - Scored The Morsel Restaurant (1f33331f49d53c5826361201cb349fd09058048ba9b16486975d867b08af754f): Score=75.0, Tier=HOT
2026-08-20 13:02:20,645 - database - DEBUG - [database.py:115] - Lead 1f33331f49d53c5826361201cb349fd09058048ba9b16486975d867b08af754f inserted/updated successfully.
2026-08-20 13:02:20,645 - __main__ - INFO - [lead_scorer.py:104] - Scored Bayleaf Multi Cuisine Restaurant (d65cc2ef983b5aa66fb21ae9e1ba6b85442bcfd894f991a5b608d0c380ab5fb1): Score=40.0, Tier=LOW
2026-08-20 13:02:20,661 - database - DEBUG - [database.py:115] - Lead d65cc2ef983b5aa66fb21ae9e1ba6b85442bcfd894f991a5b608d0c380ab5fb1 inserted/updated successfully.
2026-08-20 13:02:20,661 - __main__ - INFO - [lead_scorer.py:104] - Scored 22nd Parallel (5935f464148d2b9a86e0de01c63c0bfed02fb167d99b62b08e82503877545140): Score=40.0, Tier=LOW
2026-08-20 13:02:20,672 - database - DEBUG - [database.py:115] - Lead 5935f464148d2b9a86e0de01c63c0bfed02fb167d99b62b08e82503877545140 inserted/updated successfully.
2026-08-20 13:02:20,672 - __main__ - INFO - [lead_scorer.py:104] - Scored Barbeque Nation - Vadodara - Cine Mall (fd8657d2b731b5d6bb2c8ddab80622646ef181713ac7c04c9f6ec0c98d1095ef): Score=40.0, Tier=LOW
2026-08-20 13:02:20,683 - database - DEBUG - [database.py:115] - Lead fd8657d2b731b5d6bb2c8ddab80622646ef181713ac7c04c9f6ec0c98d1095ef inserted/updated successfully.
2026-08-20 13:02:20,683 - __main__ - INFO - [lead_scorer.py:104] - Scored 812 CE Urban Restaurant (6fe85549400b705acab39e11fd5c701c1c613eeae10f3464f76648c8776155f0): Score=75.0, Tier=HOT
2026-08-20 13:02:20,695 - database - DEBUG - [database.py:115] - Lead 6fe85549400b705acab39e11fd5c701c1c613eeae10f3464f76648c8776155f0 inserted/updated successfully.
2026-08-20 13:02:20,696 - __main__ - INFO - [lead_scorer.py:104] - Scored The Highway Eats - Vadodara | Multicuisine Restaurant, Rooms, Banquet & Poolside Party Lawns (36ef90327099341aa0a68b0741a965095ba0b8866f225894a433947c91f5464c): Score=60.0, Tier=WARM
2026-08-20 13:02:20,708 - database - DEBUG - [database.py:115] - Lead 36ef90327099341aa0a68b0741a965095ba0b8866f225894a433947c91f5464c inserted/updated successfully.
2026-08-20 13:02:20,708 - __main__ - INFO - [lead_scorer.py:104] - Scored Nizam's The Royal Kitchen (074b88d085994382969f65c309a083a83abd16cc1e7635fab0ee58ccfd172731): Score=40.0, Tier=LOW
2026-08-20 13:02:20,720 - database - DEBUG - [database.py:115] - Lead 074b88d085994382969f65c309a083a83abd16cc1e7635fab0ee58ccfd172731 inserted/updated successfully.
2026-08-20 13:02:20,720 - __main__ - INFO - [lead_scorer.py:104] - Scored Fitoor (519551e02f6fea27264068dc13ec6c4a4d197c8c848b96891548dfbf3039eaff): Score=75.0, Tier=HOT
2026-08-20 13:02:20,733 - database - DEBUG - [database.py:115] - Lead 519551e02f6fea27264068dc13ec6c4a4d197c8c848b96891548dfbf3039eaff inserted/updated successfully.
2026-08-20 13:08:10,928 - __main__ - INFO - [personalizer.py:171] - Starting AI Personalization Module (Testing on 3 leads)...
2026-08-20 13:08:10,942 - database - INFO - [database.py:58] - Database tables initialized successfully.
2026-08-20 13:08:10,944 - __main__ - WARNING - [personalizer.py:103] - ANTHROPIC_API_KEY is missing. Using mock generator for testing.
2026-08-20 13:08:10,945 - __main__ - INFO - [personalizer.py:111] - Personalizing messages for Jassi De Parathe (Status: BROKEN_WEBSITE)
2026-08-20 13:08:10,960 - database - DEBUG - [database.py:115] - Lead a11bcf960b736bd5814353ef590f79b9c8a978f1e6695ad6cabb2f3522c9d015 inserted/updated successfully.
2026-08-20 13:08:10,960 - __main__ - INFO - [personalizer.py:166] - Successfully personalized and saved lead: Jassi De Parathe
2026-08-20 13:08:10,960 - __main__ - INFO - [personalizer.py:111] - Personalizing messages for Le Prive World Cuisine (Status: BROKEN_WEBSITE)
2026-08-20 13:08:10,974 - database - DEBUG - [database.py:115] - Lead d034a132b04b025a77afe787765da25eb782c1cf07f83c9b5e05c891f8f78375 inserted/updated successfully.
2026-08-20 13:08:10,975 - __main__ - INFO - [personalizer.py:166] - Successfully personalized and saved lead: Le Prive World Cuisine
2026-08-20 13:08:10,975 - __main__ - INFO - [personalizer.py:111] - Personalizing messages for Island The Restaurant Waves Club (Status: BROKEN_WEBSITE)
2026-08-20 13:08:10,989 - database - DEBUG - [database.py:115] - Lead 954e7786844addd19d395a658eaa0f2e040a6f62875844a46abe44f00580712f inserted/updated successfully.
2026-08-20 13:08:10,989 - __main__ - INFO - [personalizer.py:166] - Successfully personalized and saved lead: Island The Restaurant Waves Club
2026-08-20 13:14:17,801 - __main__ - INFO - [personalizer.py:164] - Starting AI Personalization Module (Groq Edition) on 3 leads...
2026-08-20 13:14:17,806 - database - INFO - [database.py:58] - Database tables initialized successfully.
2026-08-20 13:14:17,968 - __main__ - INFO - [personalizer.py:104] - Personalizing messages for Jassi De Parathe (Status: BROKEN_WEBSITE)
2026-08-20 13:14:18,389 - __main__ - ERROR - [personalizer.py:78] - Groq API Error for Jassi De Parathe: Error code: 400 - {'error': {'message': 'The model `llama3-8b-8192` has been decommissioned and is no longer supported. Please refer to https://console.groq.com/docs/deprecations for a recommendation on which model to use instead.', 'type': 'invalid_request_error', 'code': 'model_decommissioned'}}
2026-08-20 13:14:18,890 - __main__ - ERROR - [personalizer.py:113] - Failed to generate messages for Jassi De Parathe
2026-08-20 13:14:18,891 - __main__ - INFO - [personalizer.py:104] - Personalizing messages for Le Prive World Cuisine (Status: BROKEN_WEBSITE)
2026-08-20 13:14:18,943 - __main__ - ERROR - [personalizer.py:78] - Groq API Error for Le Prive World Cuisine: Error code: 400 - {'error': {'message': 'The model `llama3-8b-8192` has been decommissioned and is no longer supported. Please refer to https://console.groq.com/docs/deprecations for a recommendation on which model to use instead.', 'type': 'invalid_request_error', 'code': 'model_decommissioned'}}
2026-08-20 13:14:19,444 - __main__ - ERROR - [personalizer.py:113] - Failed to generate messages for Le Prive World Cuisine
2026-08-20 13:14:19,445 - __main__ - INFO - [personalizer.py:104] - Personalizing messages for Island The Restaurant Waves Club (Status: BROKEN_WEBSITE)
2026-08-20 13:14:19,490 - __main__ - ERROR - [personalizer.py:78] - Groq API Error for Island The Restaurant Waves Club: Error code: 400 - {'error': {'message': 'The model `llama3-8b-8192` has been decommissioned and is no longer supported. Please refer to https://console.groq.com/docs/deprecations for a recommendation on which model to use instead.', 'type': 'invalid_request_error', 'code': 'model_decommissioned'}}
2026-08-20 13:14:19,991 - __main__ - ERROR - [personalizer.py:113] - Failed to generate messages for Island The Restaurant Waves Club
2026-08-20 13:15:10,430 - __main__ - INFO - [personalizer.py:164] - Starting AI Personalization Module (Groq Edition) on 3 leads...
2026-08-20 13:15:10,432 - database - INFO - [database.py:58] - Database tables initialized successfully.
2026-08-20 13:15:10,539 - __main__ - INFO - [personalizer.py:104] - Personalizing messages for Jassi De Parathe (Status: BROKEN_WEBSITE)
2026-08-20 13:15:10,816 - __main__ - ERROR - [personalizer.py:78] - Groq API Error for Jassi De Parathe: Error code: 404 - {'error': {'message': 'The model `llama-3.1-8b-instant` does not exist or you do not have access to it.', 'type': 'invalid_request_error', 'code': 'model_not_found'}}
2026-08-20 13:15:11,317 - __main__ - ERROR - [personalizer.py:113] - Failed to generate messages for Jassi De Parathe
2026-08-20 13:15:11,318 - __main__ - INFO - [personalizer.py:104] - Personalizing messages for Le Prive World Cuisine (Status: BROKEN_WEBSITE)
2026-08-20 13:15:11,372 - __main__ - ERROR - [personalizer.py:78] - Groq API Error for Le Prive World Cuisine: Error code: 404 - {'error': {'message': 'The model `llama-3.1-8b-instant` does not exist or you do not have access to it.', 'type': 'invalid_request_error', 'code': 'model_not_found'}}
2026-08-20 13:15:11,873 - __main__ - ERROR - [personalizer.py:113] - Failed to generate messages for Le Prive World Cuisine
2026-08-20 13:15:11,874 - __main__ - INFO - [personalizer.py:104] - Personalizing messages for Island The Restaurant Waves Club (Status: BROKEN_WEBSITE)
2026-08-20 13:15:11,927 - __main__ - ERROR - [personalizer.py:78] - Groq API Error for Island The Restaurant Waves Club: Error code: 404 - {'error': {'message': 'The model `llama-3.1-8b-instant` does not exist or you do not have access to it.', 'type': 'invalid_request_error', 'code': 'model_not_found'}}
2026-08-20 13:15:12,428 - __main__ - ERROR - [personalizer.py:113] - Failed to generate messages for Island The Restaurant Waves Club
2026-08-20 13:18:51,167 - __main__ - INFO - [personalizer.py:164] - Starting AI Personalization Module (Groq Edition) on 3 leads...
2026-08-20 13:18:51,170 - database - INFO - [database.py:58] - Database tables initialized successfully.
2026-08-20 13:18:51,278 - __main__ - INFO - [personalizer.py:104] - Personalizing messages for Jassi De Parathe (Status: BROKEN_WEBSITE)
2026-08-20 13:18:51,644 - __main__ - ERROR - [personalizer.py:78] - Groq API Error for Jassi De Parathe: Error code: 404 - {'error': {'message': 'The model `llama-3.1-8b-instant` does not exist or you do not have access to it.', 'type': 'invalid_request_error', 'code': 'model_not_found'}}
2026-08-20 13:18:52,146 - __main__ - ERROR - [personalizer.py:113] - Failed to generate messages for Jassi De Parathe
2026-08-20 13:18:52,147 - __main__ - INFO - [personalizer.py:104] - Personalizing messages for Le Prive World Cuisine (Status: BROKEN_WEBSITE)
2026-08-20 13:18:52,204 - __main__ - ERROR - [personalizer.py:78] - Groq API Error for Le Prive World Cuisine: Error code: 404 - {'error': {'message': 'The model `llama-3.1-8b-instant` does not exist or you do not have access to it.', 'type': 'invalid_request_error', 'code': 'model_not_found'}}
2026-08-20 13:18:52,705 - __main__ - ERROR - [personalizer.py:113] - Failed to generate messages for Le Prive World Cuisine
2026-08-20 13:18:52,706 - __main__ - INFO - [personalizer.py:104] - Personalizing messages for Island The Restaurant Waves Club (Status: BROKEN_WEBSITE)
2026-08-20 13:18:52,773 - __main__ - ERROR - [personalizer.py:78] - Groq API Error for Island The Restaurant Waves Club: Error code: 404 - {'error': {'message': 'The model `llama-3.1-8b-instant` does not exist or you do not have access to it.', 'type': 'invalid_request_error', 'code': 'model_not_found'}}
2026-08-20 13:18:53,275 - __main__ - ERROR - [personalizer.py:113] - Failed to generate messages for Island The Restaurant Waves Club
2026-08-20 13:19:11,344 - __main__ - INFO - [personalizer.py:164] - Starting AI Personalization Module (Groq Edition) on 3 leads...
2026-08-20 13:19:11,346 - database - INFO - [database.py:58] - Database tables initialized successfully.
2026-08-20 13:19:11,453 - __main__ - INFO - [personalizer.py:104] - Personalizing messages for Jassi De Parathe (Status: BROKEN_WEBSITE)
2026-08-20 13:19:13,094 - __main__ - ERROR - [personalizer.py:78] - Groq API Error for Jassi De Parathe: Error code: 400 - {'error': {'message': "Failed to validate JSON. Please adjust your prompt. See 'failed_generation' for more details.", 'type': 'invalid_request_error', 'code': 'json_validate_failed', 'failed_generation': ''}}
2026-08-20 13:19:13,596 - __main__ - ERROR - [personalizer.py:113] - Failed to generate messages for Jassi De Parathe
2026-08-20 13:19:13,596 - __main__ - INFO - [personalizer.py:104] - Personalizing messages for Le Prive World Cuisine (Status: BROKEN_WEBSITE)
2026-08-20 13:19:14,862 - __main__ - ERROR - [personalizer.py:78] - Groq API Error for Le Prive World Cuisine: Error code: 400 - {'error': {'message': "Failed to validate JSON. Please adjust your prompt. See 'failed_generation' for more details.", 'type': 'invalid_request_error', 'code': 'json_validate_failed', 'failed_generation': ''}}
2026-08-20 13:19:15,363 - __main__ - ERROR - [personalizer.py:113] - Failed to generate messages for Le Prive World Cuisine
2026-08-20 13:19:15,364 - __main__ - INFO - [personalizer.py:104] - Personalizing messages for Island The Restaurant Waves Club (Status: BROKEN_WEBSITE)
2026-08-20 13:19:16,795 - __main__ - ERROR - [personalizer.py:78] - Groq API Error for Island The Restaurant Waves Club: Error code: 400 - {'error': {'message': "Failed to validate JSON. Please adjust your prompt. See 'failed_generation' for more details.", 'type': 'invalid_request_error', 'code': 'json_validate_failed', 'failed_generation': ''}}
2026-08-20 13:19:17,296 - __main__ - ERROR - [personalizer.py:113] - Failed to generate messages for Island The Restaurant Waves Club
2026-08-20 13:19:35,918 - __main__ - INFO - [personalizer.py:167] - Starting AI Personalization Module (Groq Edition) on 3 leads...
2026-08-20 13:19:35,920 - database - INFO - [database.py:58] - Database tables initialized successfully.
2026-08-20 13:19:36,032 - __main__ - INFO - [personalizer.py:107] - Personalizing messages for Jassi De Parathe (Status: BROKEN_WEBSITE)
2026-08-20 13:19:37,819 - __main__ - ERROR - [personalizer.py:81] - Groq API Error for Jassi De Parathe: Expecting value: line 1 column 1 (char 0)
2026-08-20 13:19:38,320 - __main__ - ERROR - [personalizer.py:116] - Failed to generate messages for Jassi De Parathe
2026-08-20 13:19:38,321 - __main__ - INFO - [personalizer.py:107] - Personalizing messages for Le Prive World Cuisine (Status: BROKEN_WEBSITE)
2026-08-20 13:19:39,720 - __main__ - ERROR - [personalizer.py:81] - Groq API Error for Le Prive World Cuisine: Expecting value: line 1 column 1 (char 0)
2026-08-20 13:19:40,230 - __main__ - ERROR - [personalizer.py:116] - Failed to generate messages for Le Prive World Cuisine
2026-08-20 13:19:40,231 - __main__ - INFO - [personalizer.py:107] - Personalizing messages for Island The Restaurant Waves Club (Status: BROKEN_WEBSITE)
2026-08-20 13:19:41,439 - __main__ - ERROR - [personalizer.py:81] - Groq API Error for Island The Restaurant Waves Club: Expecting value: line 1 column 1 (char 0)
2026-08-20 13:19:41,940 - __main__ - ERROR - [personalizer.py:116] - Failed to generate messages for Island The Restaurant Waves Club
2026-08-20 13:20:08,396 - __main__ - INFO - [personalizer.py:168] - Starting AI Personalization Module (Groq Edition) on 3 leads...
2026-08-20 13:20:08,397 - database - INFO - [database.py:58] - Database tables initialized successfully.
2026-08-20 13:20:08,503 - __main__ - INFO - [personalizer.py:108] - Personalizing messages for Jassi De Parathe (Status: BROKEN_WEBSITE)
2026-08-20 13:20:10,360 - __main__ - ERROR - [personalizer.py:81] - Groq API Error for Jassi De Parathe: Expecting value: line 1 column 1 (char 0)
2026-08-20 13:20:10,360 - __main__ - INFO - [personalizer.py:82] - Falling back to local mock generator due to API error...
2026-08-20 13:20:10,890 - database - DEBUG - [database.py:115] - Lead a11bcf960b736bd5814353ef590f79b9c8a978f1e6695ad6cabb2f3522c9d015 inserted/updated successfully.
2026-08-20 13:20:10,890 - __main__ - INFO - [personalizer.py:163] - Successfully personalized and saved lead: Jassi De Parathe
2026-08-20 13:20:10,891 - __main__ - INFO - [personalizer.py:108] - Personalizing messages for Le Prive World Cuisine (Status: BROKEN_WEBSITE)
2026-08-20 13:20:12,428 - __main__ - ERROR - [personalizer.py:81] - Groq API Error for Le Prive World Cuisine: Expecting value: line 1 column 1 (char 0)
2026-08-20 13:20:12,428 - __main__ - INFO - [personalizer.py:82] - Falling back to local mock generator due to API error...
2026-08-20 13:20:12,957 - database - DEBUG - [database.py:115] - Lead d034a132b04b025a77afe787765da25eb782c1cf07f83c9b5e05c891f8f78375 inserted/updated successfully.
2026-08-20 13:20:12,958 - __main__ - INFO - [personalizer.py:163] - Successfully personalized and saved lead: Le Prive World Cuisine
2026-08-20 13:20:12,959 - __main__ - INFO - [personalizer.py:108] - Personalizing messages for Island The Restaurant Waves Club (Status: BROKEN_WEBSITE)
2026-08-20 13:20:14,383 - __main__ - ERROR - [personalizer.py:81] - Groq API Error for Island The Restaurant Waves Club: Expecting value: line 1 column 1 (char 0)
2026-08-20 13:20:14,384 - __main__ - INFO - [personalizer.py:82] - Falling back to local mock generator due to API error...
2026-08-20 13:20:14,921 - database - DEBUG - [database.py:115] - Lead 954e7786844addd19d395a658eaa0f2e040a6f62875844a46abe44f00580712f inserted/updated successfully.
2026-08-20 13:20:14,922 - __main__ - INFO - [personalizer.py:163] - Successfully personalized and saved lead: Island The Restaurant Waves Club
2026-08-20 13:23:56,476 - __main__ - INFO - [url_generator.py:93] - Starting Demo URL Generator Module...
2026-08-20 13:23:56,489 - database - INFO - [database.py:58] - Database tables initialized successfully.
2026-08-20 13:23:56,491 - __main__ - INFO - [url_generator.py:52] - Generated Demo URL for Jassi De Parathe: https://yourdomain.com/preview/jassi-de-parathe-vadodara
2026-08-20 13:23:56,509 - database - DEBUG - [database.py:115] - Lead a11bcf960b736bd5814353ef590f79b9c8a978f1e6695ad6cabb2f3522c9d015 inserted/updated successfully.
2026-08-20 13:23:56,509 - __main__ - INFO - [url_generator.py:52] - Generated Demo URL for Le Prive World Cuisine: https://yourdomain.com/preview/le-prive-world-cuisine-vadodara
2026-08-20 13:23:56,520 - database - DEBUG - [database.py:115] - Lead d034a132b04b025a77afe787765da25eb782c1cf07f83c9b5e05c891f8f78375 inserted/updated successfully.
2026-08-20 13:23:56,521 - __main__ - INFO - [url_generator.py:52] - Generated Demo URL for Island The Restaurant Waves Club: https://yourdomain.com/preview/island-the-restaurant-waves-club-vadodara
2026-08-20 13:23:56,533 - database - DEBUG - [database.py:115] - Lead 954e7786844addd19d395a658eaa0f2e040a6f62875844a46abe44f00580712f inserted/updated successfully.
2026-08-20 13:25:21,502 - database - INFO - [database.py:58] - Database tables initialized successfully.
2026-08-20 13:25:23,432 - database - INFO - [database.py:58] - Database tables initialized successfully.
2026-08-20 13:25:23,791 - database - INFO - [database.py:58] - Database tables initialized successfully.
2026-08-20 13:26:17,539 - database - INFO - [database.py:58] - Database tables initialized successfully.
2026-08-20 13:26:17,819 - database - INFO - [database.py:58] - Database tables initialized successfully.
2026-08-20 13:29:33,035 - database - INFO - [database.py:58] - Database tables initialized successfully.
2026-08-20 13:29:33,292 - database - INFO - [database.py:58] - Database tables initialized successfully.
2026-08-20 14:29:07,683 - database - INFO - [database.py:58] - Database tables initialized successfully.
2026-08-20 14:29:08,116 - database - INFO - [database.py:58] - Database tables initialized successfully.
2026-08-20 14:29:34,480 - database - INFO - [database.py:26] - Using SQLite Database (Local).
2026-08-20 14:29:34,760 - database - INFO - [database.py:26] - Using SQLite Database (Local).
2026-08-20 14:53:03,248 - __main__ - INFO - [orchestrator.py:10] - ========== STARTING: Phase 1: Discovery (Google Maps Scrape) ==========
2026-08-20 14:53:20,727 - database - INFO - [database.py:26] - Using SQLite Database (Local).
2026-08-20 14:53:21,038 - database - INFO - [database.py:26] - Using SQLite Database (Local).
2026-08-20 14:53:40,206 - __main__ - INFO - [orchestrator.py:40] - STARTING FULL LEADHUNTER AI ORCHESTRATOR
2026-08-20 14:53:40,206 - __main__ - INFO - [orchestrator.py:10] - ========== STARTING: Phase 1: Discovery (Google Maps Scrape) ==========
2026-08-20 14:53:40,598 - __main__ - INFO - [serpapi_search.py:15] - Starting business discovery:
city=Vadodara
business_type=restaurants
max_results=10
2026-08-20 14:53:42,743 - database - INFO - [database.py:26] - Using SQLite Database (Local).
2026-08-20 14:53:42,753 - __main__ - INFO - [serpapi_search.py:111] - Skipping duplicate lead: a11bcf960b736bd5814353ef590f79b9c8a978f1e6695ad6cabb2f3522c9d015
2026-08-20 14:53:42,758 - __main__ - INFO - [serpapi_search.py:111] - Skipping duplicate lead: c31a261506f8f1ffe9b37be08bc8f95e902a5c50a5dd17d7f4526729bbe7cfde
2026-08-20 14:53:42,762 - __main__ - INFO - [serpapi_search.py:111] - Skipping duplicate lead: 4a32cc6e9119c917795bac7ea3353e7eb30c71df0b46d71ea2bf3193d7c4ec03
2026-08-20 14:53:42,766 - __main__ - INFO - [serpapi_search.py:111] - Skipping duplicate lead: 7208f2b757b861324229509e4e5d0b26278f896499d4ce2fadd8549324d5e061
2026-08-20 14:53:42,770 - __main__ - INFO - [serpapi_search.py:111] - Skipping duplicate lead: 491b3b5c2da8179bdf15c87c210009c8cd1eb71d0e8b11a5a4f670e0c84c14f3
2026-08-20 14:53:42,774 - __main__ - INFO - [serpapi_search.py:111] - Skipping duplicate lead: dc4a1d19b98d3634095520f80a74ec925a809a541a6023957958b1a6c13b2996
2026-08-20 14:53:42,777 - __main__ - INFO - [serpapi_search.py:111] - Skipping duplicate lead: 1f33331f49d53c5826361201cb349fd09058048ba9b16486975d867b08af754f
2026-08-20 14:53:42,780 - __main__ - INFO - [serpapi_search.py:111] - Skipping duplicate lead: 510b7b02ec154001bfa344f57606f686afa0e1e241bd4b7e21482879b6b07e9e
2026-08-20 14:53:42,783 - __main__ - INFO - [serpapi_search.py:111] - Skipping duplicate lead: e234570c1cada57d02a9c6bb64fc89bf15443a413c4d2ba213204d5b876cd4e8
2026-08-20 14:53:42,787 - __main__ - INFO - [serpapi_search.py:111] - Skipping duplicate lead: fc2c498117d6863eec83514e9fbaaadae9b8e46e8d7b617e9ce2b1cd3b6d3c86
2026-08-20 14:53:42,792 - __main__ - INFO - [serpapi_search.py:111] - Skipping duplicate lead: 5935f464148d2b9a86e0de01c63c0bfed02fb167d99b62b08e82503877545140
2026-08-20 14:53:42,795 - __main__ - INFO - [serpapi_search.py:111] - Skipping duplicate lead: fd8657d2b731b5d6bb2c8ddab80622646ef181713ac7c04c9f6ec0c98d1095ef
2026-08-20 14:53:42,799 - __main__ - INFO - [serpapi_search.py:111] - Skipping duplicate lead: 6fe85549400b705acab39e11fd5c701c1c613eeae10f3464f76648c8776155f0
2026-08-20 14:53:42,804 - __main__ - INFO - [serpapi_search.py:111] - Skipping duplicate lead: d034a132b04b025a77afe787765da25eb782c1cf07f83c9b5e05c891f8f78375
2026-08-20 14:53:42,807 - __main__ - INFO - [serpapi_search.py:111] - Skipping duplicate lead: d65cc2ef983b5aa66fb21ae9e1ba6b85442bcfd894f991a5b608d0c380ab5fb1
2026-08-20 14:53:42,810 - __main__ - INFO - [serpapi_search.py:111] - Skipping duplicate lead: 074b88d085994382969f65c309a083a83abd16cc1e7635fab0ee58ccfd172731
2026-08-20 14:53:42,813 - __main__ - INFO - [serpapi_search.py:111] - Skipping duplicate lead: 36ef90327099341aa0a68b0741a965095ba0b8866f225894a433947c91f5464c
2026-08-20 14:53:42,838 - database - DEBUG - [database.py:146] - Lead 54be142a6ebb521cc2345af23966cae10c0f95bc0ac7f4e2b9622eb4b73e477a inserted/updated successfully.
2026-08-20 14:53:42,839 - __main__ - INFO - [serpapi_search.py:117] - Lead inserted: 54be142a6ebb521cc2345af23966cae10c0f95bc0ac7f4e2b9622eb4b73e477a
2026-08-20 14:53:42,866 - database - DEBUG - [database.py:146] - Lead 37e139ef7e023c77342d27eebaeda5dbbb54aa35758dc71f1270e4e871acc34e inserted/updated successfully.
2026-08-20 14:53:42,867 - __main__ - INFO - [serpapi_search.py:117] - Lead inserted: 37e139ef7e023c77342d27eebaeda5dbbb54aa35758dc71f1270e4e871acc34e
2026-08-20 14:53:42,894 - database - DEBUG - [database.py:146] - Lead c2ff81417b8238286dcf8c05e515efe78f4534bfe3a2af9c90bffadc8806efc3 inserted/updated successfully.
2026-08-20 14:53:42,895 - __main__ - INFO - [serpapi_search.py:117] - Lead inserted: c2ff81417b8238286dcf8c05e515efe78f4534bfe3a2af9c90bffadc8806efc3
2026-08-20 14:53:42,895 - __main__ - INFO - [serpapi_search.py:122] - Search completed: discovered=20, inserted=3, duplicates=17
2026-08-20 14:53:42,987 - __main__ - INFO - [orchestrator.py:32] - [SUCCESS] MODULE COMPLETE: Phase 1: Discovery (Google Maps Scrape)
2026-08-20 14:53:44,988 - __main__ - INFO - [orchestrator.py:10] - ========== STARTING: Phase 2A: Data Normalization ==========
2026-08-20 14:53:45,168 - __main__ - INFO - [orchestrator.py:32] - [SUCCESS] MODULE COMPLETE: Phase 2A: Data Normalization
2026-08-20 14:53:47,169 - __main__ - INFO - [orchestrator.py:10] - ========== STARTING: Phase 2B: Deduplication ==========
2026-08-20 14:53:47,695 - __main__ - INFO - [deduplicate.py:142] - Starting normalization and deduplication process...
2026-08-20 14:53:47,696 - database - INFO - [database.py:26] - Using SQLite Database (Local).
2026-08-20 14:53:47,734 - database - DEBUG - [database.py:146] - Lead 68ca00ddd027f265c0289b54be07b06e3d96272736f8cf02b815bdabcab31cef inserted/updated successfully.
2026-08-20 14:53:47,753 - database - DEBUG - [database.py:146] - Lead 230fd204bdc93688c10c45900a6a5f0b0c1ae2c2634b877888e884cc50ea6902 inserted/updated successfully.
2026-08-20 14:53:47,770 - database - DEBUG - [database.py:146] - Lead c31a261506f8f1ffe9b37be08bc8f95e902a5c50a5dd17d7f4526729bbe7cfde inserted/updated successfully.
2026-08-20 14:53:47,788 - database - DEBUG - [database.py:146] - Lead 7208f2b757b861324229509e4e5d0b26278f896499d4ce2fadd8549324d5e061 inserted/updated successfully.
2026-08-20 14:53:47,805 - database - DEBUG - [database.py:146] - Lead a11bcf960b736bd5814353ef590f79b9c8a978f1e6695ad6cabb2f3522c9d015 inserted/updated successfully.
2026-08-20 14:53:47,822 - database - DEBUG - [database.py:146] - Lead 4a32cc6e9119c917795bac7ea3353e7eb30c71df0b46d71ea2bf3193d7c4ec03 inserted/updated successfully.
2026-08-20 14:53:47,841 - database - DEBUG - [database.py:146] - Lead d034a132b04b025a77afe787765da25eb782c1cf07f83c9b5e05c891f8f78375 inserted/updated successfully.
2026-08-20 14:53:47,858 - database - DEBUG - [database.py:146] - Lead 81eb6bbbd3e2ea9590fe092e9866472d0ebf47a6918d377f3226b1ac20425f9b inserted/updated successfully.
2026-08-20 14:53:47,876 - database - DEBUG - [database.py:146] - Lead e234570c1cada57d02a9c6bb64fc89bf15443a413c4d2ba213204d5b876cd4e8 inserted/updated successfully.
2026-08-20 14:53:47,895 - database - DEBUG - [database.py:146] - Lead 491b3b5c2da8179bdf15c87c210009c8cd1eb71d0e8b11a5a4f670e0c84c14f3 inserted/updated successfully.
2026-08-20 14:53:47,914 - database - DEBUG - [database.py:146] - Lead 510b7b02ec154001bfa344f57606f686afa0e1e241bd4b7e21482879b6b07e9e inserted/updated successfully.
2026-08-20 14:53:47,932 - database - DEBUG - [database.py:146] - Lead fc2c498117d6863eec83514e9fbaaadae9b8e46e8d7b617e9ce2b1cd3b6d3c86 inserted/updated successfully.
2026-08-20 14:53:47,953 - database - DEBUG - [database.py:146] - Lead dc4a1d19b98d3634095520f80a74ec925a809a541a6023957958b1a6c13b2996 inserted/updated successfully.
2026-08-20 14:53:47,972 - database - DEBUG - [database.py:146] - Lead 954e7786844addd19d395a658eaa0f2e040a6f62875844a46abe44f00580712f inserted/updated successfully.
2026-08-20 14:53:47,997 - database - DEBUG - [database.py:146] - Lead 1f33331f49d53c5826361201cb349fd09058048ba9b16486975d867b08af754f inserted/updated successfully.
2026-08-20 14:53:48,017 - database - DEBUG - [database.py:146] - Lead d65cc2ef983b5aa66fb21ae9e1ba6b85442bcfd894f991a5b608d0c380ab5fb1 inserted/updated successfully.
2026-08-20 14:53:48,037 - database - DEBUG - [database.py:146] - Lead 5935f464148d2b9a86e0de01c63c0bfed02fb167d99b62b08e82503877545140 inserted/updated successfully.
2026-08-20 14:53:48,058 - database - DEBUG - [database.py:146] - Lead fd8657d2b731b5d6bb2c8ddab80622646ef181713ac7c04c9f6ec0c98d1095ef inserted/updated successfully.
2026-08-20 14:53:48,077 - database - DEBUG - [database.py:146] - Lead 6fe85549400b705acab39e11fd5c701c1c613eeae10f3464f76648c8776155f0 inserted/updated successfully.
2026-08-20 14:53:48,101 - database - DEBUG - [database.py:146] - Lead 36ef90327099341aa0a68b0741a965095ba0b8866f225894a433947c91f5464c inserted/updated successfully.
2026-08-20 14:53:48,122 - database - DEBUG - [database.py:146] - Lead 074b88d085994382969f65c309a083a83abd16cc1e7635fab0ee58ccfd172731 inserted/updated successfully.
2026-08-20 14:53:48,139 - database - DEBUG - [database.py:146] - Lead 519551e02f6fea27264068dc13ec6c4a4d197c8c848b96891548dfbf3039eaff inserted/updated successfully.
2026-08-20 14:53:48,158 - database - DEBUG - [database.py:146] - Lead 54be142a6ebb521cc2345af23966cae10c0f95bc0ac7f4e2b9622eb4b73e477a inserted/updated successfully.
2026-08-20 14:53:48,177 - database - DEBUG - [database.py:146] - Lead 37e139ef7e023c77342d27eebaeda5dbbb54aa35758dc71f1270e4e871acc34e inserted/updated successfully.
2026-08-20 14:53:48,196 - database - DEBUG - [database.py:146] - Lead c2ff81417b8238286dcf8c05e515efe78f4534bfe3a2af9c90bffadc8806efc3 inserted/updated successfully.
2026-08-20 14:53:48,243 - __main__ - INFO - [orchestrator.py:32] - [SUCCESS] MODULE COMPLETE: Phase 2B: Deduplication
2026-08-20 14:53:50,244 - __main__ - INFO - [orchestrator.py:10] - ========== STARTING: Phase 3: Website Auditing ==========
2026-08-20 14:53:50,926 - __main__ - INFO - [website_checker.py:205] - Starting Website Verification Module...
2026-08-20 14:53:50,926 - database - INFO - [database.py:26] - Using SQLite Database (Local).
2026-08-20 14:53:50,930 - __main__ - INFO - [website_checker.py:126] - Checking website for western restaurant (54be142a6ebb521cc2345af23966cae10c0f95bc0ac7f4e2b9622eb4b73e477a)
2026-08-20 14:53:52,130 - __main__ - INFO - [website_checker.py:153] - Website Verification Result: VALID_WEBSITE
2026-08-20 14:53:52,161 - database - DEBUG - [database.py:146] - Lead 54be142a6ebb521cc2345af23966cae10c0f95bc0ac7f4e2b9622eb4b73e477a inserted/updated successfully.
2026-08-20 14:53:53,162 - __main__ - INFO - [website_checker.py:126] - Checking website for Thyme & Whisk (37e139ef7e023c77342d27eebaeda5dbbb54aa35758dc71f1270e4e871acc34e)
2026-08-20 14:53:54,651 - __main__ - INFO - [website_checker.py:153] - Website Verification Result: VALID_WEBSITE
2026-08-20 14:53:54,667 - database - DEBUG - [database.py:146] - Lead 37e139ef7e023c77342d27eebaeda5dbbb54aa35758dc71f1270e4e871acc34e inserted/updated successfully.
2026-08-20 14:53:55,668 - __main__ - INFO - [website_checker.py:126] - Checking website for Hocco Kitchen (OP Road) (c2ff81417b8238286dcf8c05e515efe78f4534bfe3a2af9c90bffadc8806efc3)
2026-08-20 14:53:56,775 - __main__ - INFO - [website_checker.py:153] - Website Verification Result: VALID_WEBSITE
2026-08-20 14:53:56,796 - database - DEBUG - [database.py:146] - Lead c2ff81417b8238286dcf8c05e515efe78f4534bfe3a2af9c90bffadc8806efc3 inserted/updated successfully.
2026-08-20 14:53:57,796 - __main__ - INFO - [website_checker.py:202] - Website checking complete. Processed 3 leads.
2026-08-20 14:53:57,939 - __main__ - INFO - [orchestrator.py:32] - [SUCCESS] MODULE COMPLETE: Phase 3: Website Auditing
2026-08-20 14:53:59,940 - __main__ - INFO - [orchestrator.py:10] - ========== STARTING: Phase 4: Lead Scoring Engine ==========
2026-08-20 14:54:00,178 - __main__ - INFO - [lead_scorer.py:150] - Starting Lead Scoring Module...
2026-08-20 14:54:00,178 - database - INFO - [database.py:26] - Using SQLite Database (Local).
2026-08-20 14:54:00,188 - __main__ - INFO - [lead_scorer.py:104] - Scored western restaurant (54be142a6ebb521cc2345af23966cae10c0f95bc0ac7f4e2b9622eb4b73e477a): Score=40.0, Tier=LOW
2026-08-20 14:54:00,205 - database - DEBUG - [database.py:146] - Lead 54be142a6ebb521cc2345af23966cae10c0f95bc0ac7f4e2b9622eb4b73e477a inserted/updated successfully.
2026-08-20 14:54:00,206 - __main__ - INFO - [lead_scorer.py:104] - Scored Thyme & Whisk (37e139ef7e023c77342d27eebaeda5dbbb54aa35758dc71f1270e4e871acc34e): Score=40.0, Tier=LOW
2026-08-20 14:54:00,223 - database - DEBUG - [database.py:146] - Lead 37e139ef7e023c77342d27eebaeda5dbbb54aa35758dc71f1270e4e871acc34e inserted/updated successfully.
2026-08-20 14:54:00,223 - __main__ - INFO - [lead_scorer.py:104] - Scored Hocco Kitchen (OP Road) (c2ff81417b8238286dcf8c05e515efe78f4534bfe3a2af9c90bffadc8806efc3): Score=40.0, Tier=LOW
2026-08-20 14:54:00,239 - database - DEBUG - [database.py:146] - Lead c2ff81417b8238286dcf8c05e515efe78f4534bfe3a2af9c90bffadc8806efc3 inserted/updated successfully.
2026-08-20 14:54:00,282 - __main__ - INFO - [orchestrator.py:32] - [SUCCESS] MODULE COMPLETE: Phase 4: Lead Scoring Engine
2026-08-20 14:54:02,283 - __main__ - INFO - [orchestrator.py:10] - ========== STARTING: Phase 5: AI Personalization (Groq Llama-3) ==========
2026-08-20 14:54:03,157 - __main__ - INFO - [personalizer.py:168] - Starting AI Personalization Module (Groq Edition) on 3 leads...
2026-08-20 14:54:03,157 - database - INFO - [database.py:26] - Using SQLite Database (Local).
2026-08-20 14:54:03,251 - __main__ - INFO - [personalizer.py:108] - Personalizing messages for Vadodara Rest 1 (Status: DOMAIN_ONLY)
2026-08-20 14:54:05,046 - __main__ - ERROR - [personalizer.py:81] - Groq API Error for Vadodara Rest 1: Expecting value: line 1 column 1 (char 0)
2026-08-20 14:54:05,047 - __main__ - INFO - [personalizer.py:82] - Falling back to local mock generator due to API error...
2026-08-20 14:54:05,577 - database - DEBUG - [database.py:146] - Lead 230fd204bdc93688c10c45900a6a5f0b0c1ae2c2634b877888e884cc50ea6902 inserted/updated successfully.
2026-08-20 14:54:05,578 - __main__ - INFO - [personalizer.py:163] - Successfully personalized and saved lead: Vadodara Rest 1
2026-08-20 14:54:05,579 - __main__ - INFO - [personalizer.py:108] - Personalizing messages for Vibes The Bistro (Status: DOMAIN_ONLY)
2026-08-20 14:54:07,027 - __main__ - ERROR - [personalizer.py:81] - Groq API Error for Vibes The Bistro: Expecting value: line 1 column 1 (char 0)
2026-08-20 14:54:07,028 - __main__ - INFO - [personalizer.py:82] - Falling back to local mock generator due to API error...
2026-08-20 14:54:07,562 - database - DEBUG - [database.py:146] - Lead 7208f2b757b861324229509e4e5d0b26278f896499d4ce2fadd8549324d5e061 inserted/updated successfully.
2026-08-20 14:54:07,563 - __main__ - INFO - [personalizer.py:163] - Successfully personalized and saved lead: Vibes The Bistro
2026-08-20 14:54:07,563 - __main__ - INFO - [personalizer.py:108] - Personalizing messages for The Morsel Restaurant (Status: BROKEN_WEBSITE)
2026-08-20 14:54:09,049 - __main__ - ERROR - [personalizer.py:81] - Groq API Error for The Morsel Restaurant: Expecting value: line 1 column 1 (char 0)
2026-08-20 14:54:09,050 - __main__ - INFO - [personalizer.py:82] - Falling back to local mock generator due to API error...
2026-08-20 14:54:09,577 - database - DEBUG - [database.py:146] - Lead 1f33331f49d53c5826361201cb349fd09058048ba9b16486975d867b08af754f inserted/updated successfully.
2026-08-20 14:54:09,577 - __main__ - INFO - [personalizer.py:163] - Successfully personalized and saved lead: The Morsel Restaurant
2026-08-20 14:54:09,760 - __main__ - INFO - [orchestrator.py:32] - [SUCCESS] MODULE COMPLETE: Phase 5: AI Personalization (Groq Llama-3)
2026-08-20 14:54:11,762 - __main__ - INFO - [orchestrator.py:10] - ========== STARTING: Phase 6: Demo URL Generation ==========
2026-08-20 14:54:12,067 - __main__ - INFO - [url_generator.py:93] - Starting Demo URL Generator Module...
2026-08-20 14:54:12,067 - database - INFO - [database.py:26] - Using SQLite Database (Local).
2026-08-20 14:54:12,070 - __main__ - INFO - [url_generator.py:52] - Generated Demo URL for Vadodara Rest 1: https://yourdomain.com/preview/vadodara-rest-1-vadodara
2026-08-20 14:54:12,084 - database - DEBUG - [database.py:146] - Lead 230fd204bdc93688c10c45900a6a5f0b0c1ae2c2634b877888e884cc50ea6902 inserted/updated successfully.
2026-08-20 14:54:12,085 - __main__ - INFO - [url_generator.py:52] - Generated Demo URL for Vibes The Bistro: https://yourdomain.com/preview/vibes-the-bistro-vadodara
2026-08-20 14:54:12,096 - database - DEBUG - [database.py:146] - Lead 7208f2b757b861324229509e4e5d0b26278f896499d4ce2fadd8549324d5e061 inserted/updated successfully.
2026-08-20 14:54:12,096 - __main__ - INFO - [url_generator.py:52] - Generated Demo URL for Jassi De Parathe: https://yourdomain.com/preview/jassi-de-parathe-vadodara
2026-08-20 14:54:12,099 - database - DEBUG - [database.py:146] - Lead a11bcf960b736bd5814353ef590f79b9c8a978f1e6695ad6cabb2f3522c9d015 inserted/updated successfully.
2026-08-20 14:54:12,099 - __main__ - INFO - [url_generator.py:52] - Generated Demo URL for Le Prive World Cuisine: https://yourdomain.com/preview/le-prive-world-cuisine-vadodara
2026-08-20 14:54:12,100 - database - DEBUG - [database.py:146] - Lead d034a132b04b025a77afe787765da25eb782c1cf07f83c9b5e05c891f8f78375 inserted/updated successfully.
2026-08-20 14:54:12,100 - __main__ - INFO - [url_generator.py:52] - Generated Demo URL for Island The Restaurant Waves Club: https://yourdomain.com/preview/island-the-restaurant-waves-club-vadodara
2026-08-20 14:54:12,101 - database - DEBUG - [database.py:146] - Lead 954e7786844addd19d395a658eaa0f2e040a6f62875844a46abe44f00580712f inserted/updated successfully.
2026-08-20 14:54:12,101 - __main__ - INFO - [url_generator.py:52] - Generated Demo URL for The Morsel Restaurant: https://yourdomain.com/preview/the-morsel-restaurant-vadodara
2026-08-20 14:54:12,112 - database - DEBUG - [database.py:146] - Lead 1f33331f49d53c5826361201cb349fd09058048ba9b16486975d867b08af754f inserted/updated successfully.
2026-08-20 14:54:12,134 - __main__ - INFO - [orchestrator.py:32] - [SUCCESS] MODULE COMPLETE: Phase 6: Demo URL Generation
2026-08-20 14:54:14,135 - __main__ - INFO - [orchestrator.py:64] - [DONE] PIPELINE FINISHED SUCCESSFULLY in 33.93 seconds!
2026-08-20 14:58:09,394 - database - INFO - [database.py:26] - Using SQLite Database (Local).
2026-08-20 14:58:10,597 - database - INFO - [database.py:26] - Using SQLite Database (Local).
2026-08-20 14:58:10,877 - database - INFO - [database.py:26] - Using SQLite Database (Local).
2026-08-20 15:00:29,299 - database - INFO - [database.py:26] - Using SQLite Database (Local).
2026-08-20 15:00:30,300 - database - INFO - [database.py:26] - Using SQLite Database (Local).
2026-08-20 15:00:30,571 - database - INFO - [database.py:26] - Using SQLite Database (Local).
2026-08-20 15:01:15,548 - database - INFO - [database.py:26] - Using SQLite Database (Local).
2026-08-20 16:38:03,850 - __main__ - INFO - [deduplicate.py:133] - Starting normalization and deduplication process...
2026-08-20 16:38:03,850 - database - INFO - [database.py:26] - Using SQLite Database (Local).
2026-08-20 16:38:03,879 - database - DEBUG - [database.py:146] - Lead 68ca00ddd027f265c0289b54be07b06e3d96272736f8cf02b815bdabcab31cef inserted/updated successfully.
2026-08-20 16:38:03,891 - database - DEBUG - [database.py:146] - Lead 230fd204bdc93688c10c45900a6a5f0b0c1ae2c2634b877888e884cc50ea6902 inserted/updated successfully.
2026-08-20 16:38:03,903 - database - DEBUG - [database.py:146] - Lead c31a261506f8f1ffe9b37be08bc8f95e902a5c50a5dd17d7f4526729bbe7cfde inserted/updated successfully.
2026-08-20 16:38:03,915 - database - DEBUG - [database.py:146] - Lead 7208f2b757b861324229509e4e5d0b26278f896499d4ce2fadd8549324d5e061 inserted/updated successfully.
2026-08-20 16:38:03,927 - database - DEBUG - [database.py:146] - Lead a11bcf960b736bd5814353ef590f79b9c8a978f1e6695ad6cabb2f3522c9d015 inserted/updated successfully.
2026-08-20 16:38:03,938 - database - DEBUG - [database.py:146] - Lead 4a32cc6e9119c917795bac7ea3353e7eb30c71df0b46d71ea2bf3193d7c4ec03 inserted/updated successfully.
2026-08-20 16:38:03,949 - database - DEBUG - [database.py:146] - Lead d034a132b04b025a77afe787765da25eb782c1cf07f83c9b5e05c891f8f78375 inserted/updated successfully.
2026-08-20 16:38:03,962 - database - DEBUG - [database.py:146] - Lead 81eb6bbbd3e2ea9590fe092e9866472d0ebf47a6918d377f3226b1ac20425f9b inserted/updated successfully.
2026-08-20 16:38:03,973 - database - DEBUG - [database.py:146] - Lead e234570c1cada57d02a9c6bb64fc89bf15443a413c4d2ba213204d5b876cd4e8 inserted/updated successfully.
2026-08-20 16:38:03,984 - database - DEBUG - [database.py:146] - Lead 491b3b5c2da8179bdf15c87c210009c8cd1eb71d0e8b11a5a4f670e0c84c14f3 inserted/updated successfully.
2026-08-20 16:38:04,000 - database - DEBUG - [database.py:146] - Lead 510b7b02ec154001bfa344f57606f686afa0e1e241bd4b7e21482879b6b07e9e inserted/updated successfully.
2026-08-20 16:38:04,012 - database - DEBUG - [database.py:146] - Lead fc2c498117d6863eec83514e9fbaaadae9b8e46e8d7b617e9ce2b1cd3b6d3c86 inserted/updated successfully.
2026-08-20 16:38:04,023 - database - DEBUG - [database.py:146] - Lead dc4a1d19b98d3634095520f80a74ec925a809a541a6023957958b1a6c13b2996 inserted/updated successfully.
2026-08-20 16:38:04,034 - database - DEBUG - [database.py:146] - Lead 954e7786844addd19d395a658eaa0f2e040a6f62875844a46abe44f00580712f inserted/updated successfully.
2026-08-20 16:38:04,049 - database - DEBUG - [database.py:146] - Lead 1f33331f49d53c5826361201cb349fd09058048ba9b16486975d867b08af754f inserted/updated successfully.
2026-08-20 16:38:04,060 - database - DEBUG - [database.py:146] - Lead d65cc2ef983b5aa66fb21ae9e1ba6b85442bcfd894f991a5b608d0c380ab5fb1 inserted/updated successfully.
2026-08-20 16:38:04,075 - database - DEBUG - [database.py:146] - Lead 5935f464148d2b9a86e0de01c63c0bfed02fb167d99b62b08e82503877545140 inserted/updated successfully.
2026-08-20 16:38:04,087 - database - DEBUG - [database.py:146] - Lead fd8657d2b731b5d6bb2c8ddab80622646ef181713ac7c04c9f6ec0c98d1095ef inserted/updated successfully.
2026-08-20 16:38:04,101 - database - DEBUG - [database.py:146] - Lead 6fe85549400b705acab39e11fd5c701c1c613eeae10f3464f76648c8776155f0 inserted/updated successfully.
2026-08-20 16:38:04,112 - database - DEBUG - [database.py:146] - Lead 36ef90327099341aa0a68b0741a965095ba0b8866f225894a433947c91f5464c inserted/updated successfully.
2026-08-20 16:38:04,122 - database - DEBUG - [database.py:146] - Lead 074b88d085994382969f65c309a083a83abd16cc1e7635fab0ee58ccfd172731 inserted/updated successfully.
2026-08-20 16:38:04,133 - database - DEBUG - [database.py:146] - Lead 519551e02f6fea27264068dc13ec6c4a4d197c8c848b96891548dfbf3039eaff inserted/updated successfully.
2026-08-20 16:38:04,146 - database - DEBUG - [database.py:146] - Lead 54be142a6ebb521cc2345af23966cae10c0f95bc0ac7f4e2b9622eb4b73e477a inserted/updated successfully.
2026-08-20 16:38:04,156 - database - DEBUG - [database.py:146] - Lead 37e139ef7e023c77342d27eebaeda5dbbb54aa35758dc71f1270e4e871acc34e inserted/updated successfully.
2026-08-20 16:38:04,167 - database - DEBUG - [database.py:146] - Lead c2ff81417b8238286dcf8c05e515efe78f4534bfe3a2af9c90bffadc8806efc3 inserted/updated successfully.
2026-08-20 16:38:24,730 - database - INFO - [database.py:26] - Using SQLite Database (Local).
2026-08-20 17:16:50,381 - __main__ - INFO - [orchestrator.py:46] - STARTING FULL LEADHUNTER AI ORCHESTRATOR
2026-08-20 17:16:50,382 - __main__ - INFO - [orchestrator.py:11] - ========== STARTING: Phase 1: Discovery (Google Maps Scrape) ==========
2026-08-20 17:16:51,302 - __main__ - INFO - [serpapi_search.py:15] - Starting business discovery:
city=Dallas
business_type=plumbers
max_results=10
2026-08-20 17:16:52,790 - database - INFO - [database.py:26] - Using SQLite Database (Local).
2026-08-20 17:16:52,815 - database - DEBUG - [database.py:146] - Lead 67653dede81d016606aa3ea23aabdd9a17f48b66f637e93dc70b27681f382f20 inserted/updated successfully.
2026-08-20 17:16:52,816 - __main__ - INFO - [serpapi_search.py:117] - Lead inserted: 67653dede81d016606aa3ea23aabdd9a17f48b66f637e93dc70b27681f382f20
2026-08-20 17:16:52,829 - database - DEBUG - [database.py:146] - Lead a2863e404db00b421357dbc7caeee7bd4b0d7625988eb587672f111efe46e075 inserted/updated successfully.
2026-08-20 17:16:52,829 - __main__ - INFO - [serpapi_search.py:117] - Lead inserted: a2863e404db00b421357dbc7caeee7bd4b0d7625988eb587672f111efe46e075
2026-08-20 17:16:52,841 - database - DEBUG - [database.py:146] - Lead dfe0d94dbae3a0c76d953a458ddf076768addd6b3a5cf08655c3013b13daaf22 inserted/updated successfully.
2026-08-20 17:16:52,841 - __main__ - INFO - [serpapi_search.py:117] - Lead inserted: dfe0d94dbae3a0c76d953a458ddf076768addd6b3a5cf08655c3013b13daaf22
2026-08-20 17:16:52,852 - database - DEBUG - [database.py:146] - Lead bc96e159fba01ff74d0532dc10e62b11bda798c3d208f3c4c4af1cbd8fb63bcf inserted/updated successfully.
2026-08-20 17:16:52,853 - __main__ - INFO - [serpapi_search.py:117] - Lead inserted: bc96e159fba01ff74d0532dc10e62b11bda798c3d208f3c4c4af1cbd8fb63bcf
2026-08-20 17:16:52,866 - database - DEBUG - [database.py:146] - Lead 135e8d4ba520bd4944a0e4c55f794c194b88155e14347dcc24b83cfc9035e858 inserted/updated successfully.
2026-08-20 17:16:52,866 - __main__ - INFO - [serpapi_search.py:117] - Lead inserted: 135e8d4ba520bd4944a0e4c55f794c194b88155e14347dcc24b83cfc9035e858
2026-08-20 17:16:52,881 - database - DEBUG - [database.py:146] - Lead d80aeddb5e5224b66c7efbbfbf79953ab930347eaeaefb4ac58d269445537b3c inserted/updated successfully.
2026-08-20 17:16:52,881 - __main__ - INFO - [serpapi_search.py:117] - Lead inserted: d80aeddb5e5224b66c7efbbfbf79953ab930347eaeaefb4ac58d269445537b3c
2026-08-20 17:16:52,894 - database - DEBUG - [database.py:146] - Lead 0248ccd1a5ac7c76ecd1e232d20b93d87f789a6abd5dbaa5e8093f88583ca049 inserted/updated successfully.
2026-08-20 17:16:52,894 - __main__ - INFO - [serpapi_search.py:117] - Lead inserted: 0248ccd1a5ac7c76ecd1e232d20b93d87f789a6abd5dbaa5e8093f88583ca049
2026-08-20 17:16:52,909 - database - DEBUG - [database.py:146] - Lead 7ed1e2ebabc3d18d9ec385f8a2a0205acd5d3101b6f428f10e181484eaa7f06e inserted/updated successfully.
2026-08-20 17:16:52,910 - __main__ - INFO - [serpapi_search.py:117] - Lead inserted: 7ed1e2ebabc3d18d9ec385f8a2a0205acd5d3101b6f428f10e181484eaa7f06e
2026-08-20 17:16:52,927 - database - DEBUG - [database.py:146] - Lead eba6b5001ce1fa26a6e33f98ba29d7718325dcff8d4a5f73f7e3d0b7b009d086 inserted/updated successfully.
2026-08-20 17:16:52,927 - __main__ - INFO - [serpapi_search.py:117] - Lead inserted: eba6b5001ce1fa26a6e33f98ba29d7718325dcff8d4a5f73f7e3d0b7b009d086
2026-08-20 17:16:52,941 - database - DEBUG - [database.py:146] - Lead 4ea6745a9c64a2b4a014a151a390ed3f4b5f8c945fb3ec2e515169e5a776c42d inserted/updated successfully.
2026-08-20 17:16:52,941 - __main__ - INFO - [serpapi_search.py:117] - Lead inserted: 4ea6745a9c64a2b4a014a151a390ed3f4b5f8c945fb3ec2e515169e5a776c42d
2026-08-20 17:16:52,941 - __main__ - INFO - [serpapi_search.py:122] - Search completed: discovered=20, inserted=10, duplicates=0
2026-08-20 17:16:53,010 - __main__ - INFO - [orchestrator.py:33] - [SUCCESS] MODULE COMPLETE: Phase 1: Discovery (Google Maps Scrape)
2026-08-20 17:16:55,011 - __main__ - INFO - [orchestrator.py:11] - ========== STARTING: Phase 2A: Data Normalization ==========
2026-08-20 17:16:55,138 - __main__ - INFO - [orchestrator.py:33] - [SUCCESS] MODULE COMPLETE: Phase 2A: Data Normalization
2026-08-20 17:16:57,140 - __main__ - INFO - [orchestrator.py:11] - ========== STARTING: Phase 2B: Deduplication ==========
2026-08-20 17:16:57,448 - __main__ - INFO - [deduplicate.py:133] - Starting normalization and deduplication process...
2026-08-20 17:16:57,448 - database - INFO - [database.py:26] - Using SQLite Database (Local).
2026-08-20 17:16:57,464 - database - DEBUG - [database.py:146] - Lead 4ea6745a9c64a2b4a014a151a390ed3f4b5f8c945fb3ec2e515169e5a776c42d inserted/updated successfully.
2026-08-20 17:16:57,475 - database - DEBUG - [database.py:146] - Lead eba6b5001ce1fa26a6e33f98ba29d7718325dcff8d4a5f73f7e3d0b7b009d086 inserted/updated successfully.
2026-08-20 17:16:57,489 - database - DEBUG - [database.py:146] - Lead 7ed1e2ebabc3d18d9ec385f8a2a0205acd5d3101b6f428f10e181484eaa7f06e inserted/updated successfully.
2026-08-20 17:16:57,510 - database - DEBUG - [database.py:146] - Lead 0248ccd1a5ac7c76ecd1e232d20b93d87f789a6abd5dbaa5e8093f88583ca049 inserted/updated successfully.
2026-08-20 17:16:57,521 - database - DEBUG - [database.py:146] - Lead d80aeddb5e5224b66c7efbbfbf79953ab930347eaeaefb4ac58d269445537b3c inserted/updated successfully.
2026-08-20 17:16:57,537 - database - DEBUG - [database.py:146] - Lead 135e8d4ba520bd4944a0e4c55f794c194b88155e14347dcc24b83cfc9035e858 inserted/updated successfully.
2026-08-20 17:16:57,555 - database - DEBUG - [database.py:146] - Lead bc96e159fba01ff74d0532dc10e62b11bda798c3d208f3c4c4af1cbd8fb63bcf inserted/updated successfully.
2026-08-20 17:16:57,568 - database - DEBUG - [database.py:146] - Lead dfe0d94dbae3a0c76d953a458ddf076768addd6b3a5cf08655c3013b13daaf22 inserted/updated successfully.
2026-08-20 17:16:57,581 - database - DEBUG - [database.py:146] - Lead a2863e404db00b421357dbc7caeee7bd4b0d7625988eb587672f111efe46e075 inserted/updated successfully.
2026-08-20 17:16:57,604 - database - DEBUG - [database.py:146] - Lead 67653dede81d016606aa3ea23aabdd9a17f48b66f637e93dc70b27681f382f20 inserted/updated successfully.
2026-08-20 17:16:57,607 - database - DEBUG - [database.py:146] - Lead c2ff81417b8238286dcf8c05e515efe78f4534bfe3a2af9c90bffadc8806efc3 inserted/updated successfully.
2026-08-20 17:16:57,608 - database - DEBUG - [database.py:146] - Lead 37e139ef7e023c77342d27eebaeda5dbbb54aa35758dc71f1270e4e871acc34e inserted/updated successfully.
2026-08-20 17:16:57,609 - database - DEBUG - [database.py:146] - Lead 54be142a6ebb521cc2345af23966cae10c0f95bc0ac7f4e2b9622eb4b73e477a inserted/updated successfully.
2026-08-20 17:16:57,611 - database - DEBUG - [database.py:146] - Lead 519551e02f6fea27264068dc13ec6c4a4d197c8c848b96891548dfbf3039eaff inserted/updated successfully.
2026-08-20 17:16:57,612 - database - DEBUG - [database.py:146] - Lead 074b88d085994382969f65c309a083a83abd16cc1e7635fab0ee58ccfd172731 inserted/updated successfully.
2026-08-20 17:16:57,613 - database - DEBUG - [database.py:146] - Lead 36ef90327099341aa0a68b0741a965095ba0b8866f225894a433947c91f5464c inserted/updated successfully.
2026-08-20 17:16:57,614 - database - DEBUG - [database.py:146] - Lead 6fe85549400b705acab39e11fd5c701c1c613eeae10f3464f76648c8776155f0 inserted/updated successfully.
2026-08-20 17:16:57,616 - database - DEBUG - [database.py:146] - Lead fd8657d2b731b5d6bb2c8ddab80622646ef181713ac7c04c9f6ec0c98d1095ef inserted/updated successfully.
2026-08-20 17:16:57,617 - database - DEBUG - [database.py:146] - Lead 5935f464148d2b9a86e0de01c63c0bfed02fb167d99b62b08e82503877545140 inserted/updated successfully.
2026-08-20 17:16:57,618 - database - DEBUG - [database.py:146] - Lead d65cc2ef983b5aa66fb21ae9e1ba6b85442bcfd894f991a5b608d0c380ab5fb1 inserted/updated successfully.
2026-08-20 17:16:57,619 - database - DEBUG - [database.py:146] - Lead 1f33331f49d53c5826361201cb349fd09058048ba9b16486975d867b08af754f inserted/updated successfully.
2026-08-20 17:16:57,621 - database - DEBUG - [database.py:146] - Lead 954e7786844addd19d395a658eaa0f2e040a6f62875844a46abe44f00580712f inserted/updated successfully.
2026-08-20 17:16:57,622 - database - DEBUG - [database.py:146] - Lead dc4a1d19b98d3634095520f80a74ec925a809a541a6023957958b1a6c13b2996 inserted/updated successfully.
2026-08-20 17:16:57,623 - database - DEBUG - [database.py:146] - Lead fc2c498117d6863eec83514e9fbaaadae9b8e46e8d7b617e9ce2b1cd3b6d3c86 inserted/updated successfully.
2026-08-20 17:16:57,625 - database - DEBUG - [database.py:146] - Lead 510b7b02ec154001bfa344f57606f686afa0e1e241bd4b7e21482879b6b07e9e inserted/updated successfully.
2026-08-20 17:16:57,626 - database - DEBUG - [database.py:146] - Lead 491b3b5c2da8179bdf15c87c210009c8cd1eb71d0e8b11a5a4f670e0c84c14f3 inserted/updated successfully.
2026-08-20 17:16:57,627 - database - DEBUG - [database.py:146] - Lead e234570c1cada57d02a9c6bb64fc89bf15443a413c4d2ba213204d5b876cd4e8 inserted/updated successfully.
2026-08-20 17:16:57,628 - database - DEBUG - [database.py:146] - Lead 81eb6bbbd3e2ea9590fe092e9866472d0ebf47a6918d377f3226b1ac20425f9b inserted/updated successfully.
2026-08-20 17:16:57,629 - database - DEBUG - [database.py:146] - Lead d034a132b04b025a77afe787765da25eb782c1cf07f83c9b5e05c891f8f78375 inserted/updated successfully.
2026-08-20 17:16:57,630 - database - DEBUG - [database.py:146] - Lead 4a32cc6e9119c917795bac7ea3353e7eb30c71df0b46d71ea2bf3193d7c4ec03 inserted/updated successfully.
2026-08-20 17:16:57,631 - database - DEBUG - [database.py:146] - Lead a11bcf960b736bd5814353ef590f79b9c8a978f1e6695ad6cabb2f3522c9d015 inserted/updated successfully.
2026-08-20 17:16:57,632 - database - DEBUG - [database.py:146] - Lead 7208f2b757b861324229509e4e5d0b26278f896499d4ce2fadd8549324d5e061 inserted/updated successfully.
2026-08-20 17:16:57,633 - database - DEBUG - [database.py:146] - Lead c31a261506f8f1ffe9b37be08bc8f95e902a5c50a5dd17d7f4526729bbe7cfde inserted/updated successfully.
2026-08-20 17:16:57,634 - database - DEBUG - [database.py:146] - Lead 230fd204bdc93688c10c45900a6a5f0b0c1ae2c2634b877888e884cc50ea6902 inserted/updated successfully.
2026-08-20 17:16:57,636 - database - DEBUG - [database.py:146] - Lead 68ca00ddd027f265c0289b54be07b06e3d96272736f8cf02b815bdabcab31cef inserted/updated successfully.
2026-08-20 17:16:57,661 - __main__ - INFO - [orchestrator.py:33] - [SUCCESS] MODULE COMPLETE: Phase 2B: Deduplication
2026-08-20 17:16:59,662 - __main__ - INFO - [orchestrator.py:11] - ========== STARTING: Phase 3: Website Auditing ==========
2026-08-20 17:17:00,556 - __main__ - INFO - [website_checker.py:205] - Starting Website Verification Module...
2026-08-20 17:17:00,556 - database - INFO - [database.py:26] - Using SQLite Database (Local).
2026-08-20 17:17:00,562 - __main__ - INFO - [website_checker.py:202] - Website checking complete. Processed 0 leads.
2026-08-20 17:17:00,678 - __main__ - INFO - [orchestrator.py:33] - [SUCCESS] MODULE COMPLETE: Phase 3: Website Auditing
2026-08-20 17:17:02,679 - __main__ - INFO - [orchestrator.py:11] - ========== STARTING: Phase 4: Lead Scoring Engine ==========
2026-08-20 17:17:03,063 - __main__ - INFO - [lead_scorer.py:150] - Starting Lead Scoring Module...
2026-08-20 17:17:03,063 - database - INFO - [database.py:26] - Using SQLite Database (Local).
2026-08-20 17:17:03,068 - __main__ - INFO - [lead_scorer.py:104] - Scored Acme Corp (68ca00ddd027f265c0289b54be07b06e3d96272736f8cf02b815bdabcab31cef): Score=35.0, Tier=LOW
2026-08-20 17:17:03,080 - database - DEBUG - [database.py:146] - Lead 68ca00ddd027f265c0289b54be07b06e3d96272736f8cf02b815bdabcab31cef inserted/updated successfully.
2026-08-20 17:17:03,081 - __main__ - INFO - [lead_scorer.py:104] - Scored Vadodara Rest 1 (230fd204bdc93688c10c45900a6a5f0b0c1ae2c2634b877888e884cc50ea6902): Score=60.0, Tier=WARM
2026-08-20 17:17:03,098 - database - DEBUG - [database.py:146] - Lead 230fd204bdc93688c10c45900a6a5f0b0c1ae2c2634b877888e884cc50ea6902 inserted/updated successfully.
2026-08-20 17:17:03,099 - __main__ - INFO - [lead_scorer.py:104] - Scored Candle Light Date N Dinner & Rooftop Restaurant Vadodara (c31a261506f8f1ffe9b37be08bc8f95e902a5c50a5dd17d7f4526729bbe7cfde): Score=40.0, Tier=LOW
2026-08-20 17:17:03,110 - database - DEBUG - [database.py:146] - Lead c31a261506f8f1ffe9b37be08bc8f95e902a5c50a5dd17d7f4526729bbe7cfde inserted/updated successfully.
2026-08-20 17:17:03,110 - __main__ - INFO - [lead_scorer.py:104] - Scored Vibes The Bistro (7208f2b757b861324229509e4e5d0b26278f896499d4ce2fadd8549324d5e061): Score=60.0, Tier=WARM
2026-08-20 17:17:03,128 - database - DEBUG - [database.py:146] - Lead 7208f2b757b861324229509e4e5d0b26278f896499d4ce2fadd8549324d5e061 inserted/updated successfully.
2026-08-20 17:17:03,128 - __main__ - INFO - [lead_scorer.py:104] - Scored Jassi De Parathe (a11bcf960b736bd5814353ef590f79b9c8a978f1e6695ad6cabb2f3522c9d015): Score=75.0, Tier=HOT
2026-08-20 17:17:03,140 - database - DEBUG - [database.py:146] - Lead a11bcf960b736bd5814353ef590f79b9c8a978f1e6695ad6cabb2f3522c9d015 inserted/updated successfully.
2026-08-20 17:17:03,140 - __main__ - INFO - [lead_scorer.py:104] - Scored The House of Makeba - Veg Family Dining Restaurant in Vadodara (4a32cc6e9119c917795bac7ea3353e7eb30c71df0b46d71ea2bf3193d7c4ec03): Score=40.0, Tier=LOW
2026-08-20 17:17:03,152 - database - DEBUG - [database.py:146] - Lead 4a32cc6e9119c917795bac7ea3353e7eb30c71df0b46d71ea2bf3193d7c4ec03 inserted/updated successfully.
2026-08-20 17:17:03,152 - __main__ - INFO - [lead_scorer.py:104] - Scored Le Prive World Cuisine (d034a132b04b025a77afe787765da25eb782c1cf07f83c9b5e05c891f8f78375): Score=75.0, Tier=HOT
2026-08-20 17:17:03,168 - database - DEBUG - [database.py:146] - Lead d034a132b04b025a77afe787765da25eb782c1cf07f83c9b5e05c891f8f78375 inserted/updated successfully.
2026-08-20 17:17:03,169 - __main__ - INFO - [lead_scorer.py:104] - Scored Taste Carnival - (Banquet, Rooms, Restaurant) (81eb6bbbd3e2ea9590fe092e9866472d0ebf47a6918d377f3226b1ac20425f9b): Score=40.0, Tier=LOW
2026-08-20 17:17:03,182 - database - DEBUG - [database.py:146] - Lead 81eb6bbbd3e2ea9590fe092e9866472d0ebf47a6918d377f3226b1ac20425f9b inserted/updated successfully.
2026-08-20 17:17:03,183 - __main__ - INFO - [lead_scorer.py:104] - Scored Spice Kraft Restaurant (e234570c1cada57d02a9c6bb64fc89bf15443a413c4d2ba213204d5b876cd4e8): Score=40.0, Tier=LOW
2026-08-20 17:17:03,197 - database - DEBUG - [database.py:146] - Lead e234570c1cada57d02a9c6bb64fc89bf15443a413c4d2ba213204d5b876cd4e8 inserted/updated successfully.
2026-08-20 17:17:03,197 - __main__ - INFO - [lead_scorer.py:104] - Scored Sakura Pan Asian Cuisine (491b3b5c2da8179bdf15c87c210009c8cd1eb71d0e8b11a5a4f670e0c84c14f3): Score=40.0, Tier=LOW
2026-08-20 17:17:03,212 - database - DEBUG - [database.py:146] - Lead 491b3b5c2da8179bdf15c87c210009c8cd1eb71d0e8b11a5a4f670e0c84c14f3 inserted/updated successfully.
2026-08-20 17:17:03,212 - __main__ - INFO - [lead_scorer.py:104] - Scored Retro Bistro : The Fine Multi Cuisine Restaurant ( Vadodara ) (510b7b02ec154001bfa344f57606f686afa0e1e241bd4b7e21482879b6b07e9e): Score=40.0, Tier=LOW
2026-08-20 17:17:03,229 - database - DEBUG - [database.py:146] - Lead 510b7b02ec154001bfa344f57606f686afa0e1e241bd4b7e21482879b6b07e9e inserted/updated successfully.
2026-08-20 17:17:03,230 - __main__ - INFO - [lead_scorer.py:104] - Scored The Secret Kitchen (fc2c498117d6863eec83514e9fbaaadae9b8e46e8d7b617e9ce2b1cd3b6d3c86): Score=40.0, Tier=LOW
2026-08-20 17:17:03,261 - database - DEBUG - [database.py:146] - Lead fc2c498117d6863eec83514e9fbaaadae9b8e46e8d7b617e9ce2b1cd3b6d3c86 inserted/updated successfully.
2026-08-20 17:17:03,262 - __main__ - INFO - [lead_scorer.py:104] - Scored Peshawri by Welcomhotel Vadodara (dc4a1d19b98d3634095520f80a74ec925a809a541a6023957958b1a6c13b2996): Score=40.0, Tier=LOW
2026-08-20 17:17:03,290 - database - DEBUG - [database.py:146] - Lead dc4a1d19b98d3634095520f80a74ec925a809a541a6023957958b1a6c13b2996 inserted/updated successfully.
2026-08-20 17:17:03,291 - __main__ - INFO - [lead_scorer.py:104] - Scored Island The Restaurant Waves Club (954e7786844addd19d395a658eaa0f2e040a6f62875844a46abe44f00580712f): Score=75.0, Tier=HOT
2026-08-20 17:17:03,307 - database - DEBUG - [database.py:146] - Lead 954e7786844addd19d395a658eaa0f2e040a6f62875844a46abe44f00580712f inserted/updated successfully.
2026-08-20 17:17:03,308 - __main__ - INFO - [lead_scorer.py:104] - Scored The Morsel Restaurant (1f33331f49d53c5826361201cb349fd09058048ba9b16486975d867b08af754f): Score=75.0, Tier=HOT
2026-08-20 17:17:03,325 - database - DEBUG - [database.py:146] - Lead 1f33331f49d53c5826361201cb349fd09058048ba9b16486975d867b08af754f inserted/updated successfully.
2026-08-20 17:17:03,325 - __main__ - INFO - [lead_scorer.py:104] - Scored Bayleaf Multi Cuisine Restaurant (d65cc2ef983b5aa66fb21ae9e1ba6b85442bcfd894f991a5b608d0c380ab5fb1): Score=40.0, Tier=LOW
2026-08-20 17:17:03,339 - database - DEBUG - [database.py:146] - Lead d65cc2ef983b5aa66fb21ae9e1ba6b85442bcfd894f991a5b608d0c380ab5fb1 inserted/updated successfully.
2026-08-20 17:17:03,340 - __main__ - INFO - [lead_scorer.py:104] - Scored 22nd Parallel (5935f464148d2b9a86e0de01c63c0bfed02fb167d99b62b08e82503877545140): Score=40.0, Tier=LOW
2026-08-20 17:17:03,362 - database - DEBUG - [database.py:146] - Lead 5935f464148d2b9a86e0de01c63c0bfed02fb167d99b62b08e82503877545140 inserted/updated successfully.
2026-08-20 17:17:03,362 - __main__ - INFO - [lead_scorer.py:104] - Scored Barbeque Nation - Vadodara - Cine Mall (fd8657d2b731b5d6bb2c8ddab80622646ef181713ac7c04c9f6ec0c98d1095ef): Score=40.0, Tier=LOW
2026-08-20 17:17:03,379 - database - DEBUG - [database.py:146] - Lead fd8657d2b731b5d6bb2c8ddab80622646ef181713ac7c04c9f6ec0c98d1095ef inserted/updated successfully.
2026-08-20 17:17:03,379 - __main__ - INFO - [lead_scorer.py:104] - Scored 812 CE Urban Restaurant (6fe85549400b705acab39e11fd5c701c1c613eeae10f3464f76648c8776155f0): Score=75.0, Tier=HOT
2026-08-20 17:17:03,392 - database - DEBUG - [database.py:146] - Lead 6fe85549400b705acab39e11fd5c701c1c613eeae10f3464f76648c8776155f0 inserted/updated successfully.
2026-08-20 17:17:03,392 - __main__ - INFO - [lead_scorer.py:104] - Scored The Highway Eats - Vadodara | Multicuisine Restaurant, Rooms, Banquet & Poolside Party Lawns (36ef90327099341aa0a68b0741a965095ba0b8866f225894a433947c91f5464c): Score=60.0, Tier=WARM
2026-08-20 17:17:03,407 - database - DEBUG - [database.py:146] - Lead 36ef90327099341aa0a68b0741a965095ba0b8866f225894a433947c91f5464c inserted/updated successfully.
2026-08-20 17:17:03,407 - __main__ - INFO - [lead_scorer.py:104] - Scored Nizam's The Royal Kitchen (074b88d085994382969f65c309a083a83abd16cc1e7635fab0ee58ccfd172731): Score=40.0, Tier=LOW
2026-08-20 17:17:03,418 - database - DEBUG - [database.py:146] - Lead 074b88d085994382969f65c309a083a83abd16cc1e7635fab0ee58ccfd172731 inserted/updated successfully.
2026-08-20 17:17:03,418 - __main__ - INFO - [lead_scorer.py:104] - Scored Fitoor (519551e02f6fea27264068dc13ec6c4a4d197c8c848b96891548dfbf3039eaff): Score=75.0, Tier=HOT
2026-08-20 17:17:03,439 - database - DEBUG - [database.py:146] - Lead 519551e02f6fea27264068dc13ec6c4a4d197c8c848b96891548dfbf3039eaff inserted/updated successfully.
2026-08-20 17:17:03,440 - __main__ - INFO - [lead_scorer.py:104] - Scored western restaurant (54be142a6ebb521cc2345af23966cae10c0f95bc0ac7f4e2b9622eb4b73e477a): Score=40.0, Tier=LOW
2026-08-20 17:17:03,451 - database - DEBUG - [database.py:146] - Lead 54be142a6ebb521cc2345af23966cae10c0f95bc0ac7f4e2b9622eb4b73e477a inserted/updated successfully.
2026-08-20 17:17:03,451 - __main__ - INFO - [lead_scorer.py:104] - Scored Thyme & Whisk (37e139ef7e023c77342d27eebaeda5dbbb54aa35758dc71f1270e4e871acc34e): Score=40.0, Tier=LOW
2026-08-20 17:17:03,468 - database - DEBUG - [database.py:146] - Lead 37e139ef7e023c77342d27eebaeda5dbbb54aa35758dc71f1270e4e871acc34e inserted/updated successfully.
2026-08-20 17:17:03,468 - __main__ - INFO - [lead_scorer.py:104] - Scored Hocco Kitchen (OP Road) (c2ff81417b8238286dcf8c05e515efe78f4534bfe3a2af9c90bffadc8806efc3): Score=40.0, Tier=LOW
2026-08-20 17:17:03,483 - database - DEBUG - [database.py:146] - Lead c2ff81417b8238286dcf8c05e515efe78f4534bfe3a2af9c90bffadc8806efc3 inserted/updated successfully.
2026-08-20 17:17:03,484 - __main__ - INFO - [lead_scorer.py:104] - Scored Public Service Plumbers (67653dede81d016606aa3ea23aabdd9a17f48b66f637e93dc70b27681f382f20): Score=30.0, Tier=LOW
2026-08-20 17:17:03,499 - database - DEBUG - [database.py:146] - Lead 67653dede81d016606aa3ea23aabdd9a17f48b66f637e93dc70b27681f382f20 inserted/updated successfully.
2026-08-20 17:17:03,500 - __main__ - INFO - [lead_scorer.py:104] - Scored Metro Flow Plumbing - Dallas Emergency Plumbers (a2863e404db00b421357dbc7caeee7bd4b0d7625988eb587672f111efe46e075): Score=30.0, Tier=LOW
2026-08-20 17:17:03,519 - database - DEBUG - [database.py:146] - Lead a2863e404db00b421357dbc7caeee7bd4b0d7625988eb587672f111efe46e075 inserted/updated successfully.
2026-08-20 17:17:03,519 - __main__ - INFO - [lead_scorer.py:104] - Scored Dallas Plumbing & Air Conditioning (dfe0d94dbae3a0c76d953a458ddf076768addd6b3a5cf08655c3013b13daaf22): Score=30.0, Tier=LOW
2026-08-20 17:17:03,535 - database - DEBUG - [database.py:146] - Lead dfe0d94dbae3a0c76d953a458ddf076768addd6b3a5cf08655c3013b13daaf22 inserted/updated successfully.
2026-08-20 17:17:03,536 - __main__ - INFO - [lead_scorer.py:104] - Scored Tribeca Plumbing, Inc. (bc96e159fba01ff74d0532dc10e62b11bda798c3d208f3c4c4af1cbd8fb63bcf): Score=30.0, Tier=LOW
2026-08-20 17:17:03,554 - database - DEBUG - [database.py:146] - Lead bc96e159fba01ff74d0532dc10e62b11bda798c3d208f3c4c4af1cbd8fb63bcf inserted/updated successfully.
2026-08-20 17:17:03,554 - __main__ - INFO - [lead_scorer.py:104] - Scored Milestone Electric, A/C, & Plumbing (135e8d4ba520bd4944a0e4c55f794c194b88155e14347dcc24b83cfc9035e858): Score=30.0, Tier=LOW
2026-08-20 17:17:03,566 - database - DEBUG - [database.py:146] - Lead 135e8d4ba520bd4944a0e4c55f794c194b88155e14347dcc24b83cfc9035e858 inserted/updated successfully.
2026-08-20 17:17:03,567 - __main__ - INFO - [lead_scorer.py:104] - Scored Baker Brothers Plumbing, Air & Electric (d80aeddb5e5224b66c7efbbfbf79953ab930347eaeaefb4ac58d269445537b3c): Score=30.0, Tier=LOW
2026-08-20 17:17:03,581 - database - DEBUG - [database.py:146] - Lead d80aeddb5e5224b66c7efbbfbf79953ab930347eaeaefb4ac58d269445537b3c inserted/updated successfully.
2026-08-20 17:17:03,582 - __main__ - INFO - [lead_scorer.py:104] - Scored Anchor Plumbing Company (0248ccd1a5ac7c76ecd1e232d20b93d87f789a6abd5dbaa5e8093f88583ca049): Score=30.0, Tier=LOW
2026-08-20 17:17:03,599 - database - DEBUG - [database.py:146] - Lead 0248ccd1a5ac7c76ecd1e232d20b93d87f789a6abd5dbaa5e8093f88583ca049 inserted/updated successfully.
2026-08-20 17:17:03,599 - __main__ - INFO - [lead_scorer.py:104] - Scored Jake the Plumbing Pro (7ed1e2ebabc3d18d9ec385f8a2a0205acd5d3101b6f428f10e181484eaa7f06e): Score=30.0, Tier=LOW
2026-08-20 17:17:03,611 - database - DEBUG - [database.py:146] - Lead 7ed1e2ebabc3d18d9ec385f8a2a0205acd5d3101b6f428f10e181484eaa7f06e inserted/updated successfully.
2026-08-20 17:17:03,611 - __main__ - INFO - [lead_scorer.py:104] - Scored Tide Turners Plumbing (eba6b5001ce1fa26a6e33f98ba29d7718325dcff8d4a5f73f7e3d0b7b009d086): Score=30.0, Tier=LOW
2026-08-20 17:17:03,627 - database - DEBUG - [database.py:146] - Lead eba6b5001ce1fa26a6e33f98ba29d7718325dcff8d4a5f73f7e3d0b7b009d086 inserted/updated successfully.
2026-08-20 17:17:03,627 - __main__ - INFO - [lead_scorer.py:104] - Scored Reliant Plumbing - Dallas (4ea6745a9c64a2b4a014a151a390ed3f4b5f8c945fb3ec2e515169e5a776c42d): Score=30.0, Tier=LOW
2026-08-20 17:17:03,645 - database - DEBUG - [database.py:146] - Lead 4ea6745a9c64a2b4a014a151a390ed3f4b5f8c945fb3ec2e515169e5a776c42d inserted/updated successfully.
2026-08-20 17:17:03,699 - __main__ - INFO - [orchestrator.py:33] - [SUCCESS] MODULE COMPLETE: Phase 4: Lead Scoring Engine
2026-08-20 17:17:05,700 - __main__ - INFO - [orchestrator.py:11] - ========== STARTING: Phase 5: AI Personalization (Groq Llama-3) ==========
2026-08-20 17:17:06,972 - __main__ - INFO - [personalizer.py:168] - Starting AI Personalization Module (Groq Edition) on 3 leads...
2026-08-20 17:17:06,973 - database - INFO - [database.py:26] - Using SQLite Database (Local).
2026-08-20 17:17:07,144 - __main__ - INFO - [personalizer.py:108] - Personalizing messages for Acme Corp (Status: DOMAIN_ONLY)
2026-08-20 17:17:09,219 - __main__ - ERROR - [personalizer.py:81] - Groq API Error for Acme Corp: Expecting value: line 1 column 1 (char 0)
2026-08-20 17:17:09,220 - __main__ - INFO - [personalizer.py:82] - Falling back to local mock generator due to API error...
2026-08-20 17:17:09,748 - database - DEBUG - [database.py:146] - Lead 68ca00ddd027f265c0289b54be07b06e3d96272736f8cf02b815bdabcab31cef inserted/updated successfully.
2026-08-20 17:17:09,748 - __main__ - INFO - [personalizer.py:163] - Successfully personalized and saved lead: Acme Corp
2026-08-20 17:17:09,749 - __main__ - INFO - [personalizer.py:108] - Personalizing messages for Candle Light Date N Dinner & Rooftop Restaurant Vadodara (Status: VALID_WEBSITE)
2026-08-20 17:17:11,248 - __main__ - ERROR - [personalizer.py:81] - Groq API Error for Candle Light Date N Dinner & Rooftop Restaurant Vadodara: Expecting value: line 1 column 1 (char 0)
2026-08-20 17:17:11,249 - __main__ - INFO - [personalizer.py:82] - Falling back to local mock generator due to API error...
2026-08-20 17:17:11,782 - database - DEBUG - [database.py:146] - Lead c31a261506f8f1ffe9b37be08bc8f95e902a5c50a5dd17d7f4526729bbe7cfde inserted/updated successfully.
2026-08-20 17:17:11,782 - __main__ - INFO - [personalizer.py:163] - Successfully personalized and saved lead: Candle Light Date N Dinner & Rooftop Restaurant Vadodara
2026-08-20 17:17:11,783 - __main__ - INFO - [personalizer.py:108] - Personalizing messages for The House of Makeba - Veg Family Dining Restaurant in Vadodara (Status: VALID_WEBSITE)
2026-08-20 17:17:13,265 - __main__ - ERROR - [personalizer.py:81] - Groq API Error for The House of Makeba - Veg Family Dining Restaurant in Vadodara: Expecting value: line 1 column 1 (char 0)
2026-08-20 17:17:13,266 - __main__ - INFO - [personalizer.py:82] - Falling back to local mock generator due to API error...
2026-08-20 17:17:13,800 - database - DEBUG - [database.py:146] - Lead 4a32cc6e9119c917795bac7ea3353e7eb30c71df0b46d71ea2bf3193d7c4ec03 inserted/updated successfully.
2026-08-20 17:17:13,801 - __main__ - INFO - [personalizer.py:163] - Successfully personalized and saved lead: The House of Makeba - Veg Family Dining Restaurant in Vadodara
2026-08-20 17:17:14,059 - __main__ - INFO - [orchestrator.py:33] - [SUCCESS] MODULE COMPLETE: Phase 5: AI Personalization (Groq Llama-3)
2026-08-20 17:17:16,060 - __main__ - INFO - [orchestrator.py:11] - ========== STARTING: Phase 6: Demo URL Generation ==========
2026-08-20 17:17:16,484 - __main__ - INFO - [url_generator.py:93] - Starting Demo URL Generator Module...
2026-08-20 17:17:16,484 - database - INFO - [database.py:26] - Using SQLite Database (Local).
2026-08-20 17:17:16,488 - __main__ - INFO - [url_generator.py:52] - Generated Demo URL for Acme Corp: https://yourdomain.com/preview/acme-corp-new-york
2026-08-20 17:17:16,502 - database - DEBUG - [database.py:146] - Lead 68ca00ddd027f265c0289b54be07b06e3d96272736f8cf02b815bdabcab31cef inserted/updated successfully.
2026-08-20 17:17:16,503 - __main__ - INFO - [url_generator.py:52] - Generated Demo URL for Candle Light Date N Dinner & Rooftop Restaurant Vadodara: https://yourdomain.com/preview/candle-light-date-n-dinner-rooftop-restaurant-vadodara-vadodara
2026-08-20 17:17:16,514 - database - DEBUG - [database.py:146] - Lead c31a261506f8f1ffe9b37be08bc8f95e902a5c50a5dd17d7f4526729bbe7cfde inserted/updated successfully.
2026-08-20 17:17:16,515 - __main__ - INFO - [url_generator.py:52] - Generated Demo URL for The House of Makeba - Veg Family Dining Restaurant in Vadodara: https://yourdomain.com/preview/the-house-of-makeba---veg-family-dining-restaurant-in-vadodara-vadodara
2026-08-20 17:17:16,532 - database - DEBUG - [database.py:146] - Lead 4a32cc6e9119c917795bac7ea3353e7eb30c71df0b46d71ea2bf3193d7c4ec03 inserted/updated successfully.
2026-08-20 17:17:16,568 - __main__ - INFO - [orchestrator.py:33] - [SUCCESS] MODULE COMPLETE: Phase 6: Demo URL Generation
2026-08-20 17:17:18,569 - __main__ - INFO - [orchestrator.py:70] - [DONE] PIPELINE FINISHED SUCCESSFULLY in 28.19 seconds!
2026-08-20 17:17:48,624 - database - INFO - [database.py:26] - Using SQLite Database (Local).
2026-08-20 17:17:49,798 - database - INFO - [database.py:26] - Using SQLite Database (Local).
2026-08-20 17:17:50,130 - database - INFO - [database.py:26] - Using SQLite Database (Local).
2026-08-31 18:06:47,268 - __main__ - INFO - [deduplicate.py:136] - Starting normalization and deduplication process...
2026-08-31 18:06:47,269 - database - INFO - [database.py:26] - Using SQLite Database (Local).
2026-08-31 18:06:47,281 - __main__ - DEBUG - [deduplicate.py:89] - Lead verified unique: Reliant Plumbing - Dallas
2026-08-31 18:06:47,284 - database - DEBUG - [database.py:147] - Lead 4ea6745a9c64a2b4a014a151a390ed3f4b5f8c945fb3ec2e515169e5a776c42d inserted/updated successfully.
2026-08-31 18:06:47,284 - __main__ - DEBUG - [deduplicate.py:89] - Lead verified unique: Tide Turners Plumbing
2026-08-31 18:06:47,286 - database - DEBUG - [database.py:147] - Lead eba6b5001ce1fa26a6e33f98ba29d7718325dcff8d4a5f73f7e3d0b7b009d086 inserted/updated successfully.
2026-08-31 18:06:47,287 - __main__ - DEBUG - [deduplicate.py:89] - Lead verified unique: Jake the Plumbing Pro
2026-08-31 18:06:47,288 - database - DEBUG - [database.py:147] - Lead 7ed1e2ebabc3d18d9ec385f8a2a0205acd5d3101b6f428f10e181484eaa7f06e inserted/updated successfully.
2026-08-31 18:06:47,289 - __main__ - DEBUG - [deduplicate.py:89] - Lead verified unique: Anchor Plumbing Company
2026-08-31 18:06:47,290 - database - DEBUG - [database.py:147] - Lead 0248ccd1a5ac7c76ecd1e232d20b93d87f789a6abd5dbaa5e8093f88583ca049 inserted/updated successfully.
2026-08-31 18:06:47,291 - __main__ - DEBUG - [deduplicate.py:89] - Lead verified unique: Baker Brothers Plumbing, Air & Electric
2026-08-31 18:06:47,292 - database - DEBUG - [database.py:147] - Lead d80aeddb5e5224b66c7efbbfbf79953ab930347eaeaefb4ac58d269445537b3c inserted/updated successfully.
2026-08-31 18:06:47,293 - __main__ - DEBUG - [deduplicate.py:89] - Lead verified unique: Milestone Electric, A/C, & Plumbing
2026-08-31 18:06:47,294 - database - DEBUG - [database.py:147] - Lead 135e8d4ba520bd4944a0e4c55f794c194b88155e14347dcc24b83cfc9035e858 inserted/updated successfully.
2026-08-31 18:06:47,295 - __main__ - DEBUG - [deduplicate.py:89] - Lead verified unique: Tribeca Plumbing, Inc.
2026-08-31 18:06:47,296 - database - DEBUG - [database.py:147] - Lead bc96e159fba01ff74d0532dc10e62b11bda798c3d208f3c4c4af1cbd8fb63bcf inserted/updated successfully.
2026-08-31 18:06:47,297 - __main__ - DEBUG - [deduplicate.py:89] - Lead verified unique: Dallas Plumbing & Air Conditioning
2026-08-31 18:06:47,298 - database - DEBUG - [database.py:147] - Lead dfe0d94dbae3a0c76d953a458ddf076768addd6b3a5cf08655c3013b13daaf22 inserted/updated successfully.
2026-08-31 18:06:47,299 - __main__ - DEBUG - [deduplicate.py:89] - Lead verified unique: Metro Flow Plumbing - Dallas Emergency Plumbers
2026-08-31 18:06:47,300 - database - DEBUG - [database.py:147] - Lead a2863e404db00b421357dbc7caeee7bd4b0d7625988eb587672f111efe46e075 inserted/updated successfully.
2026-08-31 18:06:47,301 - __main__ - DEBUG - [deduplicate.py:89] - Lead verified unique: Public Service Plumbers
2026-08-31 18:06:47,302 - database - DEBUG - [database.py:147] - Lead 67653dede81d016606aa3ea23aabdd9a17f48b66f637e93dc70b27681f382f20 inserted/updated successfully.
2026-08-31 18:06:47,303 - __main__ - DEBUG - [deduplicate.py:89] - Lead verified unique: Hocco Kitchen (OP Road)
2026-08-31 18:06:47,304 - database - DEBUG - [database.py:147] - Lead c2ff81417b8238286dcf8c05e515efe78f4534bfe3a2af9c90bffadc8806efc3 inserted/updated successfully.
2026-08-31 18:06:47,304 - __main__ - DEBUG - [deduplicate.py:89] - Lead verified unique: Thyme & Whisk
2026-08-31 18:06:47,306 - database - DEBUG - [database.py:147] - Lead 37e139ef7e023c77342d27eebaeda5dbbb54aa35758dc71f1270e4e871acc34e inserted/updated successfully.
2026-08-31 18:06:47,306 - __main__ - DEBUG - [deduplicate.py:89] - Lead verified unique: western restaurant
2026-08-31 18:06:47,308 - database - DEBUG - [database.py:147] - Lead 54be142a6ebb521cc2345af23966cae10c0f95bc0ac7f4e2b9622eb4b73e477a inserted/updated successfully.
2026-08-31 18:06:47,308 - __main__ - DEBUG - [deduplicate.py:89] - Lead verified unique: Fitoor
2026-08-31 18:06:47,310 - database - DEBUG - [database.py:147] - Lead 519551e02f6fea27264068dc13ec6c4a4d197c8c848b96891548dfbf3039eaff inserted/updated successfully.
2026-08-31 18:06:47,310 - __main__ - DEBUG - [deduplicate.py:89] - Lead verified unique: Nizam's The Royal Kitchen
2026-08-31 18:06:47,312 - database - DEBUG - [database.py:147] - Lead 074b88d085994382969f65c309a083a83abd16cc1e7635fab0ee58ccfd172731 inserted/updated successfully.
2026-08-31 18:06:47,312 - __main__ - DEBUG - [deduplicate.py:89] - Lead verified unique: The Highway Eats - Vadodara | Multicuisine Restaurant, Rooms, Banquet & Poolside Party Lawns
2026-08-31 18:06:47,314 - database - DEBUG - [database.py:147] - Lead 36ef90327099341aa0a68b0741a965095ba0b8866f225894a433947c91f5464c inserted/updated successfully.
2026-08-31 18:06:47,314 - __main__ - DEBUG - [deduplicate.py:89] - Lead verified unique: 812 CE Urban Restaurant
2026-08-31 18:06:47,315 - database - DEBUG - [database.py:147] - Lead 6fe85549400b705acab39e11fd5c701c1c613eeae10f3464f76648c8776155f0 inserted/updated successfully.
2026-08-31 18:06:47,316 - __main__ - DEBUG - [deduplicate.py:89] - Lead verified unique: Barbeque Nation - Vadodara - Cine Mall
2026-08-31 18:06:47,318 - database - DEBUG - [database.py:147] - Lead fd8657d2b731b5d6bb2c8ddab80622646ef181713ac7c04c9f6ec0c98d1095ef inserted/updated successfully.
2026-08-31 18:06:47,320 - __main__ - DEBUG - [deduplicate.py:89] - Lead verified unique: 22nd Parallel
2026-08-31 18:06:47,325 - database - DEBUG - [database.py:147] - Lead 5935f464148d2b9a86e0de01c63c0bfed02fb167d99b62b08e82503877545140 inserted/updated successfully.
2026-08-31 18:06:47,325 - __main__ - DEBUG - [deduplicate.py:89] - Lead verified unique: Bayleaf Multi Cuisine Restaurant
2026-08-31 18:06:47,327 - database - DEBUG - [database.py:147] - Lead d65cc2ef983b5aa66fb21ae9e1ba6b85442bcfd894f991a5b608d0c380ab5fb1 inserted/updated successfully.
2026-08-31 18:06:47,328 - __main__ - DEBUG - [deduplicate.py:89] - Lead verified unique: The Morsel Restaurant
2026-08-31 18:06:47,329 - database - DEBUG - [database.py:147] - Lead 1f33331f49d53c5826361201cb349fd09058048ba9b16486975d867b08af754f inserted/updated successfully.
2026-08-31 18:06:47,330 - __main__ - DEBUG - [deduplicate.py:89] - Lead verified unique: Island The Restaurant Waves Club
2026-08-31 18:06:47,331 - database - DEBUG - [database.py:147] - Lead 954e7786844addd19d395a658eaa0f2e040a6f62875844a46abe44f00580712f inserted/updated successfully.
2026-08-31 18:06:47,331 - __main__ - DEBUG - [deduplicate.py:89] - Lead verified unique: Peshawri by Welcomhotel Vadodara
2026-08-31 18:06:47,332 - database - DEBUG - [database.py:147] - Lead dc4a1d19b98d3634095520f80a74ec925a809a541a6023957958b1a6c13b2996 inserted/updated successfully.
2026-08-31 18:06:47,332 - __main__ - DEBUG - [deduplicate.py:89] - Lead verified unique: The Secret Kitchen
2026-08-31 18:06:47,333 - database - DEBUG - [database.py:147] - Lead fc2c498117d6863eec83514e9fbaaadae9b8e46e8d7b617e9ce2b1cd3b6d3c86 inserted/updated successfully.
2026-08-31 18:06:47,334 - __main__ - DEBUG - [deduplicate.py:89] - Lead verified unique: Retro Bistro : The Fine Multi Cuisine Restaurant ( Vadodara )
2026-08-31 18:06:47,335 - database - DEBUG - [database.py:147] - Lead 510b7b02ec154001bfa344f57606f686afa0e1e241bd4b7e21482879b6b07e9e inserted/updated successfully.
2026-08-31 18:06:47,335 - __main__ - DEBUG - [deduplicate.py:89] - Lead verified unique: Sakura Pan Asian Cuisine
2026-08-31 18:06:47,336 - database - DEBUG - [database.py:147] - Lead 491b3b5c2da8179bdf15c87c210009c8cd1eb71d0e8b11a5a4f670e0c84c14f3 inserted/updated successfully.
2026-08-31 18:06:47,337 - __main__ - DEBUG - [deduplicate.py:89] - Lead verified unique: Spice Kraft Restaurant
2026-08-31 18:06:47,338 - database - DEBUG - [database.py:147] - Lead e234570c1cada57d02a9c6bb64fc89bf15443a413c4d2ba213204d5b876cd4e8 inserted/updated successfully.
2026-08-31 18:06:47,338 - __main__ - DEBUG - [deduplicate.py:89] - Lead verified unique: Taste Carnival - (Banquet, Rooms, Restaurant)
2026-08-31 18:06:47,342 - database - DEBUG - [database.py:147] - Lead 81eb6bbbd3e2ea9590fe092e9866472d0ebf47a6918d377f3226b1ac20425f9b inserted/updated successfully.
2026-08-31 18:06:47,342 - __main__ - DEBUG - [deduplicate.py:89] - Lead verified unique: Le Prive World Cuisine
2026-08-31 18:06:47,344 - database - DEBUG - [database.py:147] - Lead d034a132b04b025a77afe787765da25eb782c1cf07f83c9b5e05c891f8f78375 inserted/updated successfully.
2026-08-31 18:06:47,345 - __main__ - DEBUG - [deduplicate.py:89] - Lead verified unique: The House of Makeba - Veg Family Dining Restaurant in Vadodara
2026-08-31 18:06:47,347 - database - DEBUG - [database.py:147] - Lead 4a32cc6e9119c917795bac7ea3353e7eb30c71df0b46d71ea2bf3193d7c4ec03 inserted/updated successfully.
2026-08-31 18:06:47,347 - __main__ - DEBUG - [deduplicate.py:89] - Lead verified unique: Jassi De Parathe
2026-08-31 18:06:47,349 - database - DEBUG - [database.py:147] - Lead a11bcf960b736bd5814353ef590f79b9c8a978f1e6695ad6cabb2f3522c9d015 inserted/updated successfully.
2026-08-31 18:06:47,349 - __main__ - DEBUG - [deduplicate.py:89] - Lead verified unique: Vibes The Bistro
2026-08-31 18:06:47,351 - database - DEBUG - [database.py:147] - Lead 7208f2b757b861324229509e4e5d0b26278f896499d4ce2fadd8549324d5e061 inserted/updated successfully.
2026-08-31 18:06:47,352 - __main__ - DEBUG - [deduplicate.py:89] - Lead verified unique: Candle Light Date N Dinner & Rooftop Restaurant Vadodara
2026-08-31 18:06:47,353 - database - DEBUG - [database.py:147] - Lead c31a261506f8f1ffe9b37be08bc8f95e902a5c50a5dd17d7f4526729bbe7cfde inserted/updated successfully.
2026-08-31 18:06:47,354 - __main__ - DEBUG - [deduplicate.py:89] - Lead verified unique: Vadodara Rest 1
2026-08-31 18:06:47,356 - database - DEBUG - [database.py:147] - Lead 230fd204bdc93688c10c45900a6a5f0b0c1ae2c2634b877888e884cc50ea6902 inserted/updated successfully.
2026-08-31 18:06:47,356 - __main__ - DEBUG - [deduplicate.py:89] - Lead verified unique: Acme Corp
2026-08-31 18:06:47,358 - database - DEBUG - [database.py:147] - Lead 68ca00ddd027f265c0289b54be07b06e3d96272736f8cf02b815bdabcab31cef inserted/updated successfully.
2026-08-31 18:06:48,895 - __main__ - INFO - [website_checker.py:202] - Starting Website Verification Module...
2026-08-31 18:06:48,895 - database - INFO - [database.py:26] - Using SQLite Database (Local).
2026-08-31 18:06:48,898 - __main__ - INFO - [website_checker.py:136] - Checking website for Reliant Plumbing - Dallas (4ea6745a9c64a2b4a014a151a390ed3f4b5f8c945fb3ec2e515169e5a776c42d)
2026-08-31 18:06:54,734 - __main__ - INFO - [website_checker.py:148] - Website Verification Result for Reliant Plumbing - Dallas: VALID_WEBSITE
2026-08-31 18:06:54,747 - database - DEBUG - [database.py:147] - Lead 4ea6745a9c64a2b4a014a151a390ed3f4b5f8c945fb3ec2e515169e5a776c42d inserted/updated successfully.
2026-08-31 18:06:55,748 - __main__ - INFO - [website_checker.py:136] - Checking website for Tide Turners Plumbing (eba6b5001ce1fa26a6e33f98ba29d7718325dcff8d4a5f73f7e3d0b7b009d086)
2026-08-31 18:06:59,927 - __main__ - INFO - [website_checker.py:148] - Website Verification Result for Tide Turners Plumbing: VALID_WEBSITE
2026-08-31 18:06:59,940 - database - DEBUG - [database.py:147] - Lead eba6b5001ce1fa26a6e33f98ba29d7718325dcff8d4a5f73f7e3d0b7b009d086 inserted/updated successfully.
2026-08-31 18:07:00,941 - __main__ - INFO - [website_checker.py:136] - Checking website for Jake the Plumbing Pro (7ed1e2ebabc3d18d9ec385f8a2a0205acd5d3101b6f428f10e181484eaa7f06e)
2026-08-31 18:07:01,972 - __main__ - WARNING - [website_checker.py:80] - HTTP Error 403 for https://jakeplumbingpro.com/
2026-08-31 18:07:01,973 - __main__ - INFO - [website_checker.py:148] - Website Verification Result for Jake the Plumbing Pro: BROKEN_WEBSITE
2026-08-31 18:07:02,020 - database - DEBUG - [database.py:147] - Lead 7ed1e2ebabc3d18d9ec385f8a2a0205acd5d3101b6f428f10e181484eaa7f06e inserted/updated successfully.
2026-08-31 18:07:03,023 - __main__ - INFO - [website_checker.py:136] - Checking website for Anchor Plumbing Company (0248ccd1a5ac7c76ecd1e232d20b93d87f789a6abd5dbaa5e8093f88583ca049)
2026-08-31 18:07:04,156 - __main__ - WARNING - [website_checker.py:80] - HTTP Error 404 for https://anchorplumbingcompany.com/?utm_source=google&utm_medium=gbp-website-button&utm_campaign=website
2026-08-31 18:07:04,158 - __main__ - INFO - [website_checker.py:148] - Website Verification Result for Anchor Plumbing Company: BROKEN_WEBSITE
2026-08-31 18:07:04,208 - database - DEBUG - [database.py:147] - Lead 0248ccd1a5ac7c76ecd1e232d20b93d87f789a6abd5dbaa5e8093f88583ca049 inserted/updated successfully.
2026-08-31 18:07:05,211 - __main__ - INFO - [website_checker.py:136] - Checking website for Baker Brothers Plumbing, Air & Electric (d80aeddb5e5224b66c7efbbfbf79953ab930347eaeaefb4ac58d269445537b3c)
2026-08-31 18:07:07,415 - __main__ - INFO - [website_checker.py:148] - Website Verification Result for Baker Brothers Plumbing, Air & Electric: VALID_WEBSITE
2026-08-31 18:07:07,440 - database - DEBUG - [database.py:147] - Lead d80aeddb5e5224b66c7efbbfbf79953ab930347eaeaefb4ac58d269445537b3c inserted/updated successfully.
2026-08-31 18:07:08,441 - __main__ - INFO - [website_checker.py:136] - Checking website for Milestone Electric, A/C, & Plumbing (135e8d4ba520bd4944a0e4c55f794c194b88155e14347dcc24b83cfc9035e858)
2026-08-31 18:07:10,888 - __main__ - INFO - [website_checker.py:148] - Website Verification Result for Milestone Electric, A/C, & Plumbing: VALID_WEBSITE
2026-08-31 18:07:10,929 - database - DEBUG - [database.py:147] - Lead 135e8d4ba520bd4944a0e4c55f794c194b88155e14347dcc24b83cfc9035e858 inserted/updated successfully.
2026-08-31 18:07:11,931 - __main__ - INFO - [website_checker.py:136] - Checking website for Tribeca Plumbing, Inc. (bc96e159fba01ff74d0532dc10e62b11bda798c3d208f3c4c4af1cbd8fb63bcf)
2026-08-31 18:07:14,573 - __main__ - INFO - [website_checker.py:148] - Website Verification Result for Tribeca Plumbing, Inc.: VALID_WEBSITE
2026-08-31 18:07:14,594 - database - DEBUG - [database.py:147] - Lead bc96e159fba01ff74d0532dc10e62b11bda798c3d208f3c4c4af1cbd8fb63bcf inserted/updated successfully.
2026-08-31 18:07:15,596 - __main__ - INFO - [website_checker.py:136] - Checking website for Dallas Plumbing & Air Conditioning (dfe0d94dbae3a0c76d953a458ddf076768addd6b3a5cf08655c3013b13daaf22)
2026-08-31 18:07:25,891 - __main__ - WARNING - [website_checker.py:83] - Request Error for https://www.dallasplumbing.com/dallas/?utm_source=organic&utm_medium=organic&utm_campaign=dallas&utm_id=gbp: timed out
2026-08-31 18:07:25,892 - __main__ - INFO - [website_checker.py:148] - Website Verification Result for Dallas Plumbing & Air Conditioning: BROKEN_WEBSITE
2026-08-31 18:07:25,922 - database - DEBUG - [database.py:147] - Lead dfe0d94dbae3a0c76d953a458ddf076768addd6b3a5cf08655c3013b13daaf22 inserted/updated successfully.
2026-08-31 18:07:26,924 - __main__ - INFO - [website_checker.py:136] - Checking website for Metro Flow Plumbing - Dallas Emergency Plumbers (a2863e404db00b421357dbc7caeee7bd4b0d7625988eb587672f111efe46e075)
2026-08-31 18:07:27,693 - __main__ - INFO - [website_checker.py:148] - Website Verification Result for Metro Flow Plumbing - Dallas Emergency Plumbers: VALID_WEBSITE
2026-08-31 18:07:27,708 - database - DEBUG - [database.py:147] - Lead a2863e404db00b421357dbc7caeee7bd4b0d7625988eb587672f111efe46e075 inserted/updated successfully.
2026-08-31 18:07:28,709 - __main__ - INFO - [website_checker.py:136] - Checking website for Public Service Plumbers (67653dede81d016606aa3ea23aabdd9a17f48b66f637e93dc70b27681f382f20)
2026-08-31 18:07:29,140 - __main__ - WARNING - [website_checker.py:80] - HTTP Error 403 for https://publicserviceplumbers.com/?utm_source=google-gbp&utm_medium=organic&utm_campaign=*163*public-service-plumbers-dallas
2026-08-31 18:07:29,141 - __main__ - INFO - [website_checker.py:148] - Website Verification Result for Public Service Plumbers: BROKEN_WEBSITE
2026-08-31 18:07:29,176 - database - DEBUG - [database.py:147] - Lead 67653dede81d016606aa3ea23aabdd9a17f48b66f637e93dc70b27681f382f20 inserted/updated successfully.
2026-08-31 18:07:30,180 - __main__ - INFO - [website_checker.py:199] - Website checking complete. Processed 10 leads.
2026-08-31 18:07:31,158 - __main__ - INFO - [lead_scorer.py:159] - Starting Lead Scoring Module...
2026-08-31 18:07:31,160 - database - INFO - [database.py:26] - Using SQLite Database (Local).
2026-08-31 18:07:31,182 - __main__ - INFO - [lead_scorer.py:113] - Scored Reliant Plumbing - Dallas (4ea6745a9c64a2b4a014a151a390ed3f4b5f8c945fb3ec2e515169e5a776c42d): Score=30.0, Tier=LOW
2026-08-31 18:07:31,208 - database - DEBUG - [database.py:147] - Lead 4ea6745a9c64a2b4a014a151a390ed3f4b5f8c945fb3ec2e515169e5a776c42d inserted/updated successfully.
2026-08-31 18:07:31,210 - __main__ - INFO - [lead_scorer.py:113] - Scored Tide Turners Plumbing (eba6b5001ce1fa26a6e33f98ba29d7718325dcff8d4a5f73f7e3d0b7b009d086): Score=30.0, Tier=LOW
2026-08-31 18:07:31,237 - database - DEBUG - [database.py:147] - Lead eba6b5001ce1fa26a6e33f98ba29d7718325dcff8d4a5f73f7e3d0b7b009d086 inserted/updated successfully.
2026-08-31 18:07:31,238 - __main__ - INFO - [lead_scorer.py:113] - Scored Jake the Plumbing Pro (7ed1e2ebabc3d18d9ec385f8a2a0205acd5d3101b6f428f10e181484eaa7f06e): Score=65.0, Tier=WARM
2026-08-31 18:07:31,254 - database - DEBUG - [database.py:147] - Lead 7ed1e2ebabc3d18d9ec385f8a2a0205acd5d3101b6f428f10e181484eaa7f06e inserted/updated successfully.
2026-08-31 18:07:31,255 - __main__ - INFO - [lead_scorer.py:113] - Scored Anchor Plumbing Company (0248ccd1a5ac7c76ecd1e232d20b93d87f789a6abd5dbaa5e8093f88583ca049): Score=65.0, Tier=WARM
2026-08-31 18:07:31,269 - database - DEBUG - [database.py:147] - Lead 0248ccd1a5ac7c76ecd1e232d20b93d87f789a6abd5dbaa5e8093f88583ca049 inserted/updated successfully.
2026-08-31 18:07:31,269 - __main__ - INFO - [lead_scorer.py:113] - Scored Baker Brothers Plumbing, Air & Electric (d80aeddb5e5224b66c7efbbfbf79953ab930347eaeaefb4ac58d269445537b3c): Score=30.0, Tier=LOW
2026-08-31 18:07:31,285 - database - DEBUG - [database.py:147] - Lead d80aeddb5e5224b66c7efbbfbf79953ab930347eaeaefb4ac58d269445537b3c inserted/updated successfully.
2026-08-31 18:07:31,286 - __main__ - INFO - [lead_scorer.py:113] - Scored Milestone Electric, A/C, & Plumbing (135e8d4ba520bd4944a0e4c55f794c194b88155e14347dcc24b83cfc9035e858): Score=30.0, Tier=LOW
2026-08-31 18:07:31,299 - database - DEBUG - [database.py:147] - Lead 135e8d4ba520bd4944a0e4c55f794c194b88155e14347dcc24b83cfc9035e858 inserted/updated successfully.
2026-08-31 18:07:31,299 - __main__ - INFO - [lead_scorer.py:113] - Scored Tribeca Plumbing, Inc. (bc96e159fba01ff74d0532dc10e62b11bda798c3d208f3c4c4af1cbd8fb63bcf): Score=30.0, Tier=LOW
2026-08-31 18:07:31,311 - database - DEBUG - [database.py:147] - Lead bc96e159fba01ff74d0532dc10e62b11bda798c3d208f3c4c4af1cbd8fb63bcf inserted/updated successfully.
2026-08-31 18:07:31,312 - __main__ - INFO - [lead_scorer.py:113] - Scored Dallas Plumbing & Air Conditioning (dfe0d94dbae3a0c76d953a458ddf076768addd6b3a5cf08655c3013b13daaf22): Score=65.0, Tier=WARM
2026-08-31 18:07:31,329 - database - DEBUG - [database.py:147] - Lead dfe0d94dbae3a0c76d953a458ddf076768addd6b3a5cf08655c3013b13daaf22 inserted/updated successfully.
2026-08-31 18:07:31,330 - __main__ - INFO - [lead_scorer.py:113] - Scored Metro Flow Plumbing - Dallas Emergency Plumbers (a2863e404db00b421357dbc7caeee7bd4b0d7625988eb587672f111efe46e075): Score=30.0, Tier=LOW
2026-08-31 18:07:31,342 - database - DEBUG - [database.py:147] - Lead a2863e404db00b421357dbc7caeee7bd4b0d7625988eb587672f111efe46e075 inserted/updated successfully.
2026-08-31 18:07:31,343 - __main__ - INFO - [lead_scorer.py:113] - Scored Public Service Plumbers (67653dede81d016606aa3ea23aabdd9a17f48b66f637e93dc70b27681f382f20): Score=65.0, Tier=WARM
2026-08-31 18:07:31,357 - database - DEBUG - [database.py:147] - Lead 67653dede81d016606aa3ea23aabdd9a17f48b66f637e93dc70b27681f382f20 inserted/updated successfully.
2026-08-31 18:07:33,439 - __main__ - INFO - [personalizer.py:176] - Starting AI Personalization Module on all qualified leads (up to 50)...
2026-08-31 18:07:33,440 - database - INFO - [database.py:26] - Using SQLite Database (Local).
2026-08-31 18:07:33,574 - __main__ - INFO - [personalizer.py:116] - Personalizing messages for Fitoor (Status: BROKEN_WEBSITE)
2026-08-31 18:07:35,953 - __main__ - ERROR - [personalizer.py:81] - Groq API Error for Fitoor: Expecting value: line 1 column 1 (char 0)
2026-08-31 18:07:35,953 - __main__ - INFO - [personalizer.py:82] - Falling back to local mock generator due to API error...
2026-08-31 18:07:36,494 - database - DEBUG - [database.py:147] - Lead 519551e02f6fea27264068dc13ec6c4a4d197c8c848b96891548dfbf3039eaff inserted/updated successfully.
2026-08-31 18:07:36,496 - __main__ - INFO - [personalizer.py:171] - Successfully personalized and saved lead: Fitoor
2026-08-31 18:07:36,496 - __main__ - INFO - [personalizer.py:116] - Personalizing messages for 812 CE Urban Restaurant (Status: BROKEN_WEBSITE)
2026-08-31 18:07:37,951 - __main__ - ERROR - [personalizer.py:81] - Groq API Error for 812 CE Urban Restaurant: Expecting value: line 1 column 1 (char 0)
2026-08-31 18:07:37,954 - __main__ - INFO - [personalizer.py:82] - Falling back to local mock generator due to API error...
2026-08-31 18:07:38,489 - database - DEBUG - [database.py:147] - Lead 6fe85549400b705acab39e11fd5c701c1c613eeae10f3464f76648c8776155f0 inserted/updated successfully.
2026-08-31 18:07:38,491 - __main__ - INFO - [personalizer.py:171] - Successfully personalized and saved lead: 812 CE Urban Restaurant
2026-08-31 18:07:38,492 - __main__ - INFO - [personalizer.py:116] - Personalizing messages for The Morsel Restaurant (Status: BROKEN_WEBSITE)
2026-08-31 18:07:39,897 - __main__ - ERROR - [personalizer.py:81] - Groq API Error for The Morsel Restaurant: Expecting value: line 1 column 1 (char 0)
2026-08-31 18:07:39,897 - __main__ - INFO - [personalizer.py:82] - Falling back to local mock generator due to API error...
2026-08-31 18:07:40,412 - database - DEBUG - [database.py:147] - Lead 1f33331f49d53c5826361201cb349fd09058048ba9b16486975d867b08af754f inserted/updated successfully.
2026-08-31 18:07:40,413 - __main__ - INFO - [personalizer.py:171] - Successfully personalized and saved lead: The Morsel Restaurant
2026-08-31 18:07:40,413 - __main__ - INFO - [personalizer.py:116] - Personalizing messages for Island The Restaurant Waves Club (Status: BROKEN_WEBSITE)
2026-08-31 18:07:41,894 - __main__ - ERROR - [personalizer.py:81] - Groq API Error for Island The Restaurant Waves Club: Expecting value: line 1 column 1 (char 0)
2026-08-31 18:07:41,895 - __main__ - INFO - [personalizer.py:82] - Falling back to local mock generator due to API error...
2026-08-31 18:07:42,410 - database - DEBUG - [database.py:147] - Lead 954e7786844addd19d395a658eaa0f2e040a6f62875844a46abe44f00580712f inserted/updated successfully.
2026-08-31 18:07:42,411 - __main__ - INFO - [personalizer.py:171] - Successfully personalized and saved lead: Island The Restaurant Waves Club
2026-08-31 18:07:42,411 - __main__ - INFO - [personalizer.py:116] - Personalizing messages for Le Prive World Cuisine (Status: BROKEN_WEBSITE)
2026-08-31 18:07:44,903 - __main__ - ERROR - [personalizer.py:81] - Groq API Error for Le Prive World Cuisine: Expecting value: line 1 column 1 (char 0)
2026-08-31 18:07:44,904 - __main__ - INFO - [personalizer.py:82] - Falling back to local mock generator due to API error...
2026-08-31 18:07:45,673 - database - DEBUG - [database.py:147] - Lead d034a132b04b025a77afe787765da25eb782c1cf07f83c9b5e05c891f8f78375 inserted/updated successfully.
2026-08-31 18:07:45,675 - __main__ - INFO - [personalizer.py:171] - Successfully personalized and saved lead: Le Prive World Cuisine
2026-08-31 18:07:45,676 - __main__ - INFO - [personalizer.py:116] - Personalizing messages for Jassi De Parathe (Status: BROKEN_WEBSITE)
2026-08-31 18:07:47,102 - __main__ - ERROR - [personalizer.py:81] - Groq API Error for Jassi De Parathe: Expecting value: line 1 column 1 (char 0)
2026-08-31 18:07:47,102 - __main__ - INFO - [personalizer.py:82] - Falling back to local mock generator due to API error...
2026-08-31 18:07:47,632 - database - DEBUG - [database.py:147] - Lead a11bcf960b736bd5814353ef590f79b9c8a978f1e6695ad6cabb2f3522c9d015 inserted/updated successfully.
2026-08-31 18:07:47,633 - __main__ - INFO - [personalizer.py:171] - Successfully personalized and saved lead: Jassi De Parathe
2026-08-31 18:07:47,634 - __main__ - INFO - [personalizer.py:116] - Personalizing messages for Jake the Plumbing Pro (Status: BROKEN_WEBSITE)
2026-08-31 18:07:49,091 - __main__ - ERROR - [personalizer.py:81] - Groq API Error for Jake the Plumbing Pro: Expecting value: line 1 column 1 (char 0)
2026-08-31 18:07:49,092 - __main__ - INFO - [personalizer.py:82] - Falling back to local mock generator due to API error...
2026-08-31 18:07:49,626 - database - DEBUG - [database.py:147] - Lead 7ed1e2ebabc3d18d9ec385f8a2a0205acd5d3101b6f428f10e181484eaa7f06e inserted/updated successfully.
2026-08-31 18:07:49,627 - __main__ - INFO - [personalizer.py:171] - Successfully personalized and saved lead: Jake the Plumbing Pro
2026-08-31 18:07:49,628 - __main__ - INFO - [personalizer.py:116] - Personalizing messages for Anchor Plumbing Company (Status: BROKEN_WEBSITE)
2026-08-31 18:07:51,034 - __main__ - ERROR - [personalizer.py:81] - Groq API Error for Anchor Plumbing Company: Expecting value: line 1 column 1 (char 0)
2026-08-31 18:07:51,034 - __main__ - INFO - [personalizer.py:82] - Falling back to local mock generator due to API error...
2026-08-31 18:07:51,552 - database - DEBUG - [database.py:147] - Lead 0248ccd1a5ac7c76ecd1e232d20b93d87f789a6abd5dbaa5e8093f88583ca049 inserted/updated successfully.
2026-08-31 18:07:51,552 - __main__ - INFO - [personalizer.py:171] - Successfully personalized and saved lead: Anchor Plumbing Company
2026-08-31 18:07:51,553 - __main__ - INFO - [personalizer.py:116] - Personalizing messages for Dallas Plumbing & Air Conditioning (Status: BROKEN_WEBSITE)
2026-08-31 18:07:52,951 - __main__ - ERROR - [personalizer.py:81] - Groq API Error for Dallas Plumbing & Air Conditioning: Expecting value: line 1 column 1 (char 0)
2026-08-31 18:07:52,952 - __main__ - INFO - [personalizer.py:82] - Falling back to local mock generator due to API error...
2026-08-31 18:07:53,479 - database - DEBUG - [database.py:147] - Lead dfe0d94dbae3a0c76d953a458ddf076768addd6b3a5cf08655c3013b13daaf22 inserted/updated successfully.
2026-08-31 18:07:53,480 - __main__ - INFO - [personalizer.py:171] - Successfully personalized and saved lead: Dallas Plumbing & Air Conditioning
2026-08-31 18:07:53,481 - __main__ - INFO - [personalizer.py:116] - Personalizing messages for Public Service Plumbers (Status: BROKEN_WEBSITE)
2026-08-31 18:07:54,973 - __main__ - ERROR - [personalizer.py:81] - Groq API Error for Public Service Plumbers: Expecting value: line 1 column 1 (char 0)
2026-08-31 18:07:54,973 - __main__ - INFO - [personalizer.py:82] - Falling back to local mock generator due to API error...
2026-08-31 18:07:55,496 - database - DEBUG - [database.py:147] - Lead 67653dede81d016606aa3ea23aabdd9a17f48b66f637e93dc70b27681f382f20 inserted/updated successfully.
2026-08-31 18:07:55,496 - __main__ - INFO - [personalizer.py:171] - Successfully personalized and saved lead: Public Service Plumbers
2026-08-31 18:07:55,496 - __main__ - INFO - [personalizer.py:116] - Personalizing messages for The Highway Eats - Vadodara | Multicuisine Restaurant, Rooms, Banquet & Poolside Party Lawns (Status: DOMAIN_ONLY)
2026-08-31 18:08:00,093 - __main__ - ERROR - [personalizer.py:81] - Groq API Error for The Highway Eats - Vadodara | Multicuisine Restaurant, Rooms, Banquet & Poolside Party Lawns: Expecting value: line 1 column 1 (char 0)
2026-08-31 18:08:00,095 - __main__ - INFO - [personalizer.py:82] - Falling back to local mock generator due to API error...
2026-08-31 18:08:00,610 - database - DEBUG - [database.py:147] - Lead 36ef90327099341aa0a68b0741a965095ba0b8866f225894a433947c91f5464c inserted/updated successfully.
2026-08-31 18:08:00,611 - __main__ - INFO - [personalizer.py:171] - Successfully personalized and saved lead: The Highway Eats - Vadodara | Multicuisine Restaurant, Rooms, Banquet & Poolside Party Lawns
2026-08-31 18:08:00,611 - __main__ - INFO - [personalizer.py:116] - Personalizing messages for Vibes The Bistro (Status: DOMAIN_ONLY)
2026-08-31 18:08:07,149 - __main__ - ERROR - [personalizer.py:81] - Groq API Error for Vibes The Bistro: Expecting value: line 1 column 1 (char 0)
2026-08-31 18:08:07,149 - __main__ - INFO - [personalizer.py:82] - Falling back to local mock generator due to API error...
2026-08-31 18:08:07,689 - database - DEBUG - [database.py:147] - Lead 7208f2b757b861324229509e4e5d0b26278f896499d4ce2fadd8549324d5e061 inserted/updated successfully.
2026-08-31 18:08:07,691 - __main__ - INFO - [personalizer.py:171] - Successfully personalized and saved lead: Vibes The Bistro
2026-08-31 18:08:07,692 - __main__ - INFO - [personalizer.py:116] - Personalizing messages for Vadodara Rest 1 (Status: DOMAIN_ONLY)
2026-08-31 18:08:15,239 - __main__ - ERROR - [personalizer.py:81] - Groq API Error for Vadodara Rest 1: Expecting value: line 1 column 1 (char 0)
2026-08-31 18:08:15,240 - __main__ - INFO - [personalizer.py:82] - Falling back to local mock generator due to API error...
2026-08-31 18:08:15,770 - database - DEBUG - [database.py:147] - Lead 230fd204bdc93688c10c45900a6a5f0b0c1ae2c2634b877888e884cc50ea6902 inserted/updated successfully.
2026-08-31 18:08:15,772 - __main__ - INFO - [personalizer.py:171] - Successfully personalized and saved lead: Vadodara Rest 1
2026-08-31 18:08:15,773 - __main__ - INFO - [personalizer.py:116] - Personalizing messages for Hocco Kitchen (OP Road) (Status: VALID_WEBSITE)
2026-08-31 18:08:22,454 - __main__ - ERROR - [personalizer.py:81] - Groq API Error for Hocco Kitchen (OP Road): Expecting value: line 1 column 1 (char 0)
2026-08-31 18:08:22,455 - __main__ - INFO - [personalizer.py:82] - Falling back to local mock generator due to API error...
2026-08-31 18:08:22,996 - database - DEBUG - [database.py:147] - Lead c2ff81417b8238286dcf8c05e515efe78f4534bfe3a2af9c90bffadc8806efc3 inserted/updated successfully.
2026-08-31 18:08:22,999 - __main__ - INFO - [personalizer.py:171] - Successfully personalized and saved lead: Hocco Kitchen (OP Road)
2026-08-31 18:08:23,004 - __main__ - INFO - [personalizer.py:116] - Personalizing messages for Thyme & Whisk (Status: VALID_WEBSITE)
2026-08-31 18:08:28,518 - __main__ - ERROR - [personalizer.py:81] - Groq API Error for Thyme & Whisk: Expecting value: line 1 column 1 (char 0)
2026-08-31 18:08:28,519 - __main__ - INFO - [personalizer.py:82] - Falling back to local mock generator due to API error...
2026-08-31 18:08:29,032 - database - DEBUG - [database.py:147] - Lead 37e139ef7e023c77342d27eebaeda5dbbb54aa35758dc71f1270e4e871acc34e inserted/updated successfully.
2026-08-31 18:08:29,033 - __main__ - INFO - [personalizer.py:171] - Successfully personalized and saved lead: Thyme & Whisk
2026-08-31 18:08:29,033 - __main__ - INFO - [personalizer.py:116] - Personalizing messages for western restaurant (Status: VALID_WEBSITE)
2026-08-31 18:08:33,541 - __main__ - INFO - [personalizer.py:177] - Starting AI Personalization Module on all qualified leads (up to 50)...
2026-08-31 18:08:33,541 - database - INFO - [database.py:26] - Using SQLite Database (Local).
2026-08-31 18:08:33,658 - __main__ - INFO - [personalizer.py:117] - Personalizing messages for western restaurant (Status: VALID_WEBSITE)
2026-08-31 18:08:33,993 - __main__ - ERROR - [personalizer.py:82] - Groq API Error for western restaurant: Error code: 404 - {'error': {'message': 'The model `llama-3.3-70b-versatile` does not exist or you do not have access to it.', 'type': 'invalid_request_error', 'code': 'model_not_found'}}
2026-08-31 18:08:33,994 - __main__ - INFO - [personalizer.py:83] - Falling back to local mock generator due to API error...
2026-08-31 18:08:34,524 - database - DEBUG - [database.py:147] - Lead 54be142a6ebb521cc2345af23966cae10c0f95bc0ac7f4e2b9622eb4b73e477a inserted/updated successfully.
2026-08-31 18:08:34,525 - __main__ - INFO - [personalizer.py:172] - Successfully personalized and saved lead: western restaurant
2026-08-31 18:08:34,525 - __main__ - INFO - [personalizer.py:117] - Personalizing messages for Nizam's The Royal Kitchen (Status: VALID_WEBSITE)
2026-08-31 18:08:34,599 - __main__ - ERROR - [personalizer.py:82] - Groq API Error for Nizam's The Royal Kitchen: Error code: 404 - {'error': {'message': 'The model `llama-3.3-70b-versatile` does not exist or you do not have access to it.', 'type': 'invalid_request_error', 'code': 'model_not_found'}}
2026-08-31 18:08:34,600 - __main__ - INFO - [personalizer.py:83] - Falling back to local mock generator due to API error...
2026-08-31 18:08:35,140 - database - DEBUG - [database.py:147] - Lead 074b88d085994382969f65c309a083a83abd16cc1e7635fab0ee58ccfd172731 inserted/updated successfully.
2026-08-31 18:08:35,142 - __main__ - INFO - [personalizer.py:172] - Successfully personalized and saved lead: Nizam's The Royal Kitchen
2026-08-31 18:08:35,143 - __main__ - INFO - [personalizer.py:117] - Personalizing messages for Barbeque Nation - Vadodara - Cine Mall (Status: VALID_WEBSITE)
2026-08-31 18:08:35,214 - __main__ - ERROR - [personalizer.py:82] - Groq API Error for Barbeque Nation - Vadodara - Cine Mall: Error code: 404 - {'error': {'message': 'The model `llama-3.3-70b-versatile` does not exist or you do not have access to it.', 'type': 'invalid_request_error', 'code': 'model_not_found'}}
2026-08-31 18:08:35,215 - __main__ - INFO - [personalizer.py:83] - Falling back to local mock generator due to API error...
2026-08-31 18:08:35,437 - __main__ - ERROR - [personalizer.py:81] - Groq API Error for western restaurant: Expecting value: line 1 column 1 (char 0)
2026-08-31 18:08:35,437 - __main__ - INFO - [personalizer.py:82] - Falling back to local mock generator due to API error...
2026-08-31 18:08:35,735 - database - DEBUG - [database.py:147] - Lead fd8657d2b731b5d6bb2c8ddab80622646ef181713ac7c04c9f6ec0c98d1095ef inserted/updated successfully.
2026-08-31 18:08:35,736 - __main__ - INFO - [personalizer.py:172] - Successfully personalized and saved lead: Barbeque Nation - Vadodara - Cine Mall
2026-08-31 18:08:35,736 - __main__ - INFO - [personalizer.py:117] - Personalizing messages for 22nd Parallel (Status: VALID_WEBSITE)
2026-08-31 18:08:35,785 - __main__ - ERROR - [personalizer.py:82] - Groq API Error for 22nd Parallel: Error code: 404 - {'error': {'message': 'The model `llama-3.3-70b-versatile` does not exist or you do not have access to it.', 'type': 'invalid_request_error', 'code': 'model_not_found'}}
2026-08-31 18:08:35,785 - __main__ - INFO - [personalizer.py:83] - Falling back to local mock generator due to API error...
2026-08-31 18:08:35,949 - database - DEBUG - [database.py:147] - Lead 54be142a6ebb521cc2345af23966cae10c0f95bc0ac7f4e2b9622eb4b73e477a inserted/updated successfully.
2026-08-31 18:08:35,950 - __main__ - INFO - [personalizer.py:171] - Successfully personalized and saved lead: western restaurant
2026-08-31 18:08:35,950 - __main__ - INFO - [personalizer.py:116] - Personalizing messages for Nizam's The Royal Kitchen (Status: VALID_WEBSITE)
2026-08-31 18:08:36,302 - database - DEBUG - [database.py:147] - Lead 5935f464148d2b9a86e0de01c63c0bfed02fb167d99b62b08e82503877545140 inserted/updated successfully.
2026-08-31 18:08:36,302 - __main__ - INFO - [personalizer.py:172] - Successfully personalized and saved lead: 22nd Parallel
2026-08-31 18:08:36,303 - __main__ - INFO - [personalizer.py:117] - Personalizing messages for Bayleaf Multi Cuisine Restaurant (Status: VALID_WEBSITE)
2026-08-31 18:08:36,351 - __main__ - ERROR - [personalizer.py:82] - Groq API Error for Bayleaf Multi Cuisine Restaurant: Error code: 404 - {'error': {'message': 'The model `llama-3.3-70b-versatile` does not exist or you do not have access to it.', 'type': 'invalid_request_error', 'code': 'model_not_found'}}
2026-08-31 18:08:36,352 - __main__ - INFO - [personalizer.py:83] - Falling back to local mock generator due to API error...
2026-08-31 18:08:36,883 - database - DEBUG - [database.py:147] - Lead d65cc2ef983b5aa66fb21ae9e1ba6b85442bcfd894f991a5b608d0c380ab5fb1 inserted/updated successfully.
2026-08-31 18:08:36,884 - __main__ - INFO - [personalizer.py:172] - Successfully personalized and saved lead: Bayleaf Multi Cuisine Restaurant
2026-08-31 18:08:36,885 - __main__ - INFO - [personalizer.py:117] - Personalizing messages for Peshawri by Welcomhotel Vadodara (Status: VALID_WEBSITE)
2026-08-31 18:08:36,962 - __main__ - ERROR - [personalizer.py:82] - Groq API Error for Peshawri by Welcomhotel Vadodara: Error code: 404 - {'error': {'message': 'The model `llama-3.3-70b-versatile` does not exist or you do not have access to it.', 'type': 'invalid_request_error', 'code': 'model_not_found'}}
2026-08-31 18:08:36,962 - __main__ - INFO - [personalizer.py:83] - Falling back to local mock generator due to API error...
2026-08-31 18:08:37,484 - database - DEBUG - [database.py:147] - Lead dc4a1d19b98d3634095520f80a74ec925a809a541a6023957958b1a6c13b2996 inserted/updated successfully.
2026-08-31 18:08:37,485 - __main__ - INFO - [personalizer.py:172] - Successfully personalized and saved lead: Peshawri by Welcomhotel Vadodara
2026-08-31 18:08:37,485 - __main__ - INFO - [personalizer.py:117] - Personalizing messages for The Secret Kitchen (Status: VALID_WEBSITE)
2026-08-31 18:08:37,537 - __main__ - ERROR - [personalizer.py:82] - Groq API Error for The Secret Kitchen: Error code: 404 - {'error': {'message': 'The model `llama-3.3-70b-versatile` does not exist or you do not have access to it.', 'type': 'invalid_request_error', 'code': 'model_not_found'}}
2026-08-31 18:08:37,537 - __main__ - INFO - [personalizer.py:83] - Falling back to local mock generator due to API error...
2026-08-31 18:08:38,068 - database - DEBUG - [database.py:147] - Lead fc2c498117d6863eec83514e9fbaaadae9b8e46e8d7b617e9ce2b1cd3b6d3c86 inserted/updated successfully.
2026-08-31 18:08:38,069 - __main__ - INFO - [personalizer.py:172] - Successfully personalized and saved lead: The Secret Kitchen
2026-08-31 18:08:38,070 - __main__ - INFO - [personalizer.py:117] - Personalizing messages for Retro Bistro : The Fine Multi Cuisine Restaurant ( Vadodara ) (Status: VALID_WEBSITE)
2026-08-31 18:08:38,144 - __main__ - ERROR - [personalizer.py:82] - Groq API Error for Retro Bistro : The Fine Multi Cuisine Restaurant ( Vadodara ): Error code: 404 - {'error': {'message': 'The model `llama-3.3-70b-versatile` does not exist or you do not have access to it.', 'type': 'invalid_request_error', 'code': 'model_not_found'}}
2026-08-31 18:08:38,145 - __main__ - INFO - [personalizer.py:83] - Falling back to local mock generator due to API error...
2026-08-31 18:08:38,673 - database - DEBUG - [database.py:147] - Lead 510b7b02ec154001bfa344f57606f686afa0e1e241bd4b7e21482879b6b07e9e inserted/updated successfully.
2026-08-31 18:08:38,674 - __main__ - INFO - [personalizer.py:172] - Successfully personalized and saved lead: Retro Bistro : The Fine Multi Cuisine Restaurant ( Vadodara )
2026-08-31 18:08:38,675 - __main__ - INFO - [personalizer.py:117] - Personalizing messages for Sakura Pan Asian Cuisine (Status: VALID_WEBSITE)
2026-08-31 18:08:38,736 - __main__ - ERROR - [personalizer.py:82] - Groq API Error for Sakura Pan Asian Cuisine: Error code: 404 - {'error': {'message': 'The model `llama-3.3-70b-versatile` does not exist or you do not have access to it.', 'type': 'invalid_request_error', 'code': 'model_not_found'}}
2026-08-31 18:08:38,737 - __main__ - INFO - [personalizer.py:83] - Falling back to local mock generator due to API error...
2026-08-31 18:08:39,277 - database - DEBUG - [database.py:147] - Lead 491b3b5c2da8179bdf15c87c210009c8cd1eb71d0e8b11a5a4f670e0c84c14f3 inserted/updated successfully.
2026-08-31 18:08:39,278 - __main__ - INFO - [personalizer.py:172] - Successfully personalized and saved lead: Sakura Pan Asian Cuisine
2026-08-31 18:08:39,279 - __main__ - INFO - [personalizer.py:117] - Personalizing messages for Spice Kraft Restaurant (Status: VALID_WEBSITE)
2026-08-31 18:08:39,352 - __main__ - ERROR - [personalizer.py:82] - Groq API Error for Spice Kraft Restaurant: Error code: 404 - {'error': {'message': 'The model `llama-3.3-70b-versatile` does not exist or you do not have access to it.', 'type': 'invalid_request_error', 'code': 'model_not_found'}}
2026-08-31 18:08:39,353 - __main__ - INFO - [personalizer.py:83] - Falling back to local mock generator due to API error...
2026-08-31 18:08:39,886 - database - DEBUG - [database.py:147] - Lead e234570c1cada57d02a9c6bb64fc89bf15443a413c4d2ba213204d5b876cd4e8 inserted/updated successfully.
2026-08-31 18:08:39,887 - __main__ - INFO - [personalizer.py:172] - Successfully personalized and saved lead: Spice Kraft Restaurant
2026-08-31 18:08:39,888 - __main__ - INFO - [personalizer.py:117] - Personalizing messages for Taste Carnival - (Banquet, Rooms, Restaurant) (Status: VALID_WEBSITE)
2026-08-31 18:08:39,951 - __main__ - ERROR - [personalizer.py:82] - Groq API Error for Taste Carnival - (Banquet, Rooms, Restaurant): Error code: 404 - {'error': {'message': 'The model `llama-3.3-70b-versatile` does not exist or you do not have access to it.', 'type': 'invalid_request_error', 'code': 'model_not_found'}}
2026-08-31 18:08:39,951 - __main__ - INFO - [personalizer.py:83] - Falling back to local mock generator due to API error...
2026-08-31 18:08:40,486 - database - DEBUG - [database.py:147] - Lead 81eb6bbbd3e2ea9590fe092e9866472d0ebf47a6918d377f3226b1ac20425f9b inserted/updated successfully.
2026-08-31 18:08:40,487 - __main__ - INFO - [personalizer.py:172] - Successfully personalized and saved lead: Taste Carnival - (Banquet, Rooms, Restaurant)
2026-08-31 18:08:40,488 - __main__ - INFO - [personalizer.py:117] - Personalizing messages for Reliant Plumbing - Dallas (Status: VALID_WEBSITE)
2026-08-31 18:08:40,553 - __main__ - ERROR - [personalizer.py:82] - Groq API Error for Reliant Plumbing - Dallas: Error code: 404 - {'error': {'message': 'The model `llama-3.3-70b-versatile` does not exist or you do not have access to it.', 'type': 'invalid_request_error', 'code': 'model_not_found'}}
2026-08-31 18:08:40,553 - __main__ - INFO - [personalizer.py:83] - Falling back to local mock generator due to API error...
2026-08-31 18:08:41,090 - database - DEBUG - [database.py:147] - Lead 4ea6745a9c64a2b4a014a151a390ed3f4b5f8c945fb3ec2e515169e5a776c42d inserted/updated successfully.
2026-08-31 18:08:41,091 - __main__ - INFO - [personalizer.py:172] - Successfully personalized and saved lead: Reliant Plumbing - Dallas
2026-08-31 18:08:41,091 - __main__ - INFO - [personalizer.py:117] - Personalizing messages for Tide Turners Plumbing (Status: VALID_WEBSITE)
2026-08-31 18:08:41,137 - __main__ - ERROR - [personalizer.py:82] - Groq API Error for Tide Turners Plumbing: Error code: 404 - {'error': {'message': 'The model `llama-3.3-70b-versatile` does not exist or you do not have access to it.', 'type': 'invalid_request_error', 'code': 'model_not_found'}}
2026-08-31 18:08:41,138 - __main__ - INFO - [personalizer.py:83] - Falling back to local mock generator due to API error...
2026-08-31 18:08:41,656 - database - DEBUG - [database.py:147] - Lead eba6b5001ce1fa26a6e33f98ba29d7718325dcff8d4a5f73f7e3d0b7b009d086 inserted/updated successfully.
2026-08-31 18:08:41,656 - __main__ - INFO - [personalizer.py:172] - Successfully personalized and saved lead: Tide Turners Plumbing
2026-08-31 18:08:41,657 - __main__ - INFO - [personalizer.py:117] - Personalizing messages for Baker Brothers Plumbing, Air & Electric (Status: VALID_WEBSITE)
2026-08-31 18:08:41,703 - __main__ - ERROR - [personalizer.py:82] - Groq API Error for Baker Brothers Plumbing, Air & Electric: Error code: 404 - {'error': {'message': 'The model `llama-3.3-70b-versatile` does not exist or you do not have access to it.', 'type': 'invalid_request_error', 'code': 'model_not_found'}}
2026-08-31 18:08:41,704 - __main__ - INFO - [personalizer.py:83] - Falling back to local mock generator due to API error...
2026-08-31 18:08:42,241 - database - DEBUG - [database.py:147] - Lead d80aeddb5e5224b66c7efbbfbf79953ab930347eaeaefb4ac58d269445537b3c inserted/updated successfully.
2026-08-31 18:08:42,243 - __main__ - INFO - [personalizer.py:172] - Successfully personalized and saved lead: Baker Brothers Plumbing, Air & Electric
2026-08-31 18:08:42,244 - __main__ - INFO - [personalizer.py:117] - Personalizing messages for Milestone Electric, A/C, & Plumbing (Status: VALID_WEBSITE)
2026-08-31 18:08:42,313 - __main__ - ERROR - [personalizer.py:82] - Groq API Error for Milestone Electric, A/C, & Plumbing: Error code: 404 - {'error': {'message': 'The model `llama-3.3-70b-versatile` does not exist or you do not have access to it.', 'type': 'invalid_request_error', 'code': 'model_not_found'}}
2026-08-31 18:08:42,314 - __main__ - INFO - [personalizer.py:83] - Falling back to local mock generator due to API error...
2026-08-31 18:08:42,460 - __main__ - ERROR - [personalizer.py:81] - Groq API Error for Nizam's The Royal Kitchen: Expecting value: line 1 column 1 (char 0)
2026-08-31 18:08:42,460 - __main__ - INFO - [personalizer.py:82] - Falling back to local mock generator due to API error...
2026-08-31 18:08:42,840 - database - DEBUG - [database.py:147] - Lead 135e8d4ba520bd4944a0e4c55f794c194b88155e14347dcc24b83cfc9035e858 inserted/updated successfully.
2026-08-31 18:08:42,842 - __main__ - INFO - [personalizer.py:172] - Successfully personalized and saved lead: Milestone Electric, A/C, & Plumbing
2026-08-31 18:08:42,845 - __main__ - INFO - [personalizer.py:117] - Personalizing messages for Tribeca Plumbing, Inc. (Status: VALID_WEBSITE)
2026-08-31 18:08:42,913 - __main__ - ERROR - [personalizer.py:82] - Groq API Error for Tribeca Plumbing, Inc.: Error code: 404 - {'error': {'message': 'The model `llama-3.3-70b-versatile` does not exist or you do not have access to it.', 'type': 'invalid_request_error', 'code': 'model_not_found'}}
2026-08-31 18:08:42,913 - __main__ - INFO - [personalizer.py:83] - Falling back to local mock generator due to API error...
2026-08-31 18:08:42,964 - database - DEBUG - [database.py:147] - Lead 074b88d085994382969f65c309a083a83abd16cc1e7635fab0ee58ccfd172731 inserted/updated successfully.
2026-08-31 18:08:42,965 - __main__ - INFO - [personalizer.py:171] - Successfully personalized and saved lead: Nizam's The Royal Kitchen
2026-08-31 18:08:42,965 - __main__ - INFO - [personalizer.py:116] - Personalizing messages for Barbeque Nation - Vadodara - Cine Mall (Status: VALID_WEBSITE)
2026-08-31 18:08:43,433 - database - DEBUG - [database.py:147] - Lead bc96e159fba01ff74d0532dc10e62b11bda798c3d208f3c4c4af1cbd8fb63bcf inserted/updated successfully.
2026-08-31 18:08:43,434 - __main__ - INFO - [personalizer.py:172] - Successfully personalized and saved lead: Tribeca Plumbing, Inc.
2026-08-31 18:08:43,434 - __main__ - INFO - [personalizer.py:117] - Personalizing messages for Metro Flow Plumbing - Dallas Emergency Plumbers (Status: VALID_WEBSITE)
2026-08-31 18:08:43,481 - __main__ - ERROR - [personalizer.py:82] - Groq API Error for Metro Flow Plumbing - Dallas Emergency Plumbers: Error code: 404 - {'error': {'message': 'The model `llama-3.3-70b-versatile` does not exist or you do not have access to it.', 'type': 'invalid_request_error', 'code': 'model_not_found'}}
2026-08-31 18:08:43,482 - __main__ - INFO - [personalizer.py:83] - Falling back to local mock generator due to API error...
2026-08-31 18:08:43,995 - database - DEBUG - [database.py:147] - Lead a2863e404db00b421357dbc7caeee7bd4b0d7625988eb587672f111efe46e075 inserted/updated successfully.
2026-08-31 18:08:43,995 - __main__ - INFO - [personalizer.py:172] - Successfully personalized and saved lead: Metro Flow Plumbing - Dallas Emergency Plumbers
2026-08-31 18:08:44,709 - __main__ - INFO - [url_generator.py:109] - Starting Demo URL Generator Module...
2026-08-31 18:08:44,709 - database - INFO - [database.py:26] - Using SQLite Database (Local).
2026-08-31 18:08:44,718 - __main__ - INFO - [url_generator.py:63] - Generated Demo URL for Reliant Plumbing - Dallas: https://yourdomain.com/preview/reliant-plumbing---dallas-dallas
2026-08-31 18:08:44,735 - database - DEBUG - [database.py:147] - Lead 4ea6745a9c64a2b4a014a151a390ed3f4b5f8c945fb3ec2e515169e5a776c42d inserted/updated successfully.
2026-08-31 18:08:44,736 - __main__ - INFO - [url_generator.py:63] - Generated Demo URL for Tide Turners Plumbing: https://yourdomain.com/preview/tide-turners-plumbing-dallas
2026-08-31 18:08:44,753 - database - DEBUG - [database.py:147] - Lead eba6b5001ce1fa26a6e33f98ba29d7718325dcff8d4a5f73f7e3d0b7b009d086 inserted/updated successfully.
2026-08-31 18:08:44,753 - __main__ - INFO - [url_generator.py:63] - Generated Demo URL for Jake the Plumbing Pro: https://yourdomain.com/preview/jake-the-plumbing-pro-dallas
2026-08-31 18:08:44,767 - database - DEBUG - [database.py:147] - Lead 7ed1e2ebabc3d18d9ec385f8a2a0205acd5d3101b6f428f10e181484eaa7f06e inserted/updated successfully.
2026-08-31 18:08:44,767 - __main__ - INFO - [url_generator.py:63] - Generated Demo URL for Anchor Plumbing Company: https://yourdomain.com/preview/anchor-plumbing-company-dallas
2026-08-31 18:08:44,780 - database - DEBUG - [database.py:147] - Lead 0248ccd1a5ac7c76ecd1e232d20b93d87f789a6abd5dbaa5e8093f88583ca049 inserted/updated successfully.
2026-08-31 18:08:44,780 - __main__ - INFO - [url_generator.py:63] - Generated Demo URL for Baker Brothers Plumbing, Air & Electric: https://yourdomain.com/preview/baker-brothers-plumbing-air-electric-dallas
2026-08-31 18:08:44,797 - database - DEBUG - [database.py:147] - Lead d80aeddb5e5224b66c7efbbfbf79953ab930347eaeaefb4ac58d269445537b3c inserted/updated successfully.
2026-08-31 18:08:44,797 - __main__ - INFO - [url_generator.py:63] - Generated Demo URL for Milestone Electric, A/C, & Plumbing: https://yourdomain.com/preview/milestone-electric-ac-plumbing-dallas
2026-08-31 18:08:44,809 - database - DEBUG - [database.py:147] - Lead 135e8d4ba520bd4944a0e4c55f794c194b88155e14347dcc24b83cfc9035e858 inserted/updated successfully.
2026-08-31 18:08:44,810 - __main__ - INFO - [url_generator.py:63] - Generated Demo URL for Tribeca Plumbing, Inc.: https://yourdomain.com/preview/tribeca-plumbing-inc-dallas
2026-08-31 18:08:44,832 - database - DEBUG - [database.py:147] - Lead bc96e159fba01ff74d0532dc10e62b11bda798c3d208f3c4c4af1cbd8fb63bcf inserted/updated successfully.
2026-08-31 18:08:44,833 - __main__ - INFO - [url_generator.py:63] - Generated Demo URL for Dallas Plumbing & Air Conditioning: https://yourdomain.com/preview/dallas-plumbing-air-conditioning-dallas
2026-08-31 18:08:44,847 - database - DEBUG - [database.py:147] - Lead dfe0d94dbae3a0c76d953a458ddf076768addd6b3a5cf08655c3013b13daaf22 inserted/updated successfully.
2026-08-31 18:08:44,848 - __main__ - INFO - [url_generator.py:63] - Generated Demo URL for Metro Flow Plumbing - Dallas Emergency Plumbers: https://yourdomain.com/preview/metro-flow-plumbing---dallas-emergency-plumbers-dallas
2026-08-31 18:08:44,864 - database - DEBUG - [database.py:147] - Lead a2863e404db00b421357dbc7caeee7bd4b0d7625988eb587672f111efe46e075 inserted/updated successfully.
2026-08-31 18:08:44,864 - __main__ - INFO - [url_generator.py:63] - Generated Demo URL for Public Service Plumbers: https://yourdomain.com/preview/public-service-plumbers-dallas
2026-08-31 18:08:44,878 - database - DEBUG - [database.py:147] - Lead 67653dede81d016606aa3ea23aabdd9a17f48b66f637e93dc70b27681f382f20 inserted/updated successfully.
2026-08-31 18:08:44,879 - __main__ - INFO - [url_generator.py:63] - Generated Demo URL for Hocco Kitchen (OP Road): https://yourdomain.com/preview/hocco-kitchen-op-road-vadodara
2026-08-31 18:08:44,901 - database - DEBUG - [database.py:147] - Lead c2ff81417b8238286dcf8c05e515efe78f4534bfe3a2af9c90bffadc8806efc3 inserted/updated successfully.
2026-08-31 18:08:44,901 - __main__ - INFO - [url_generator.py:63] - Generated Demo URL for Thyme & Whisk: https://yourdomain.com/preview/thyme-whisk-vadodara
2026-08-31 18:08:44,915 - database - DEBUG - [database.py:147] - Lead 37e139ef7e023c77342d27eebaeda5dbbb54aa35758dc71f1270e4e871acc34e inserted/updated successfully.
2026-08-31 18:08:44,916 - __main__ - INFO - [url_generator.py:63] - Generated Demo URL for western restaurant: https://yourdomain.com/preview/western-restaurant-vadodara
2026-08-31 18:08:44,928 - database - DEBUG - [database.py:147] - Lead 54be142a6ebb521cc2345af23966cae10c0f95bc0ac7f4e2b9622eb4b73e477a inserted/updated successfully.
2026-08-31 18:08:44,929 - __main__ - INFO - [url_generator.py:63] - Generated Demo URL for Fitoor: https://yourdomain.com/preview/fitoor-vadodara
2026-08-31 18:08:44,941 - database - DEBUG - [database.py:147] - Lead 519551e02f6fea27264068dc13ec6c4a4d197c8c848b96891548dfbf3039eaff inserted/updated successfully.
2026-08-31 18:08:44,942 - __main__ - INFO - [url_generator.py:63] - Generated Demo URL for Nizam's The Royal Kitchen: https://yourdomain.com/preview/nizams-the-royal-kitchen-vadodara
2026-08-31 18:08:44,960 - database - DEBUG - [database.py:147] - Lead 074b88d085994382969f65c309a083a83abd16cc1e7635fab0ee58ccfd172731 inserted/updated successfully.
2026-08-31 18:08:44,961 - __main__ - INFO - [url_generator.py:63] - Generated Demo URL for The Highway Eats - Vadodara | Multicuisine Restaurant, Rooms, Banquet & Poolside Party Lawns: https://yourdomain.com/preview/the-highway-eats---vadodara-multicuisine-restaurant-rooms-banquet-poolside-party-lawns-vadodara
2026-08-31 18:08:44,974 - database - DEBUG - [database.py:147] - Lead 36ef90327099341aa0a68b0741a965095ba0b8866f225894a433947c91f5464c inserted/updated successfully.
2026-08-31 18:08:44,974 - __main__ - INFO - [url_generator.py:63] - Generated Demo URL for 812 CE Urban Restaurant: https://yourdomain.com/preview/812-ce-urban-restaurant-vadodara
2026-08-31 18:08:44,985 - database - DEBUG - [database.py:147] - Lead 6fe85549400b705acab39e11fd5c701c1c613eeae10f3464f76648c8776155f0 inserted/updated successfully.
2026-08-31 18:08:44,986 - __main__ - INFO - [url_generator.py:63] - Generated Demo URL for Barbeque Nation - Vadodara - Cine Mall: https://yourdomain.com/preview/barbeque-nation---vadodara---cine-mall-vadodara
2026-08-31 18:08:45,000 - database - DEBUG - [database.py:147] - Lead fd8657d2b731b5d6bb2c8ddab80622646ef181713ac7c04c9f6ec0c98d1095ef inserted/updated successfully.
2026-08-31 18:08:45,001 - __main__ - INFO - [url_generator.py:63] - Generated Demo URL for 22nd Parallel: https://yourdomain.com/preview/22nd-parallel-vadodara
2026-08-31 18:08:45,017 - database - DEBUG - [database.py:147] - Lead 5935f464148d2b9a86e0de01c63c0bfed02fb167d99b62b08e82503877545140 inserted/updated successfully.
2026-08-31 18:08:45,018 - __main__ - INFO - [url_generator.py:63] - Generated Demo URL for Bayleaf Multi Cuisine Restaurant: https://yourdomain.com/preview/bayleaf-multi-cuisine-restaurant-vadodara
2026-08-31 18:08:45,028 - database - DEBUG - [database.py:147] - Lead d65cc2ef983b5aa66fb21ae9e1ba6b85442bcfd894f991a5b608d0c380ab5fb1 inserted/updated successfully.
2026-08-31 18:08:45,029 - __main__ - INFO - [url_generator.py:63] - Generated Demo URL for The Morsel Restaurant: https://yourdomain.com/preview/the-morsel-restaurant-vadodara
2026-08-31 18:08:45,041 - database - DEBUG - [database.py:147] - Lead 1f33331f49d53c5826361201cb349fd09058048ba9b16486975d867b08af754f inserted/updated successfully.
2026-08-31 18:08:45,041 - __main__ - INFO - [url_generator.py:63] - Generated Demo URL for Island The Restaurant Waves Club: https://yourdomain.com/preview/island-the-restaurant-waves-club-vadodara
2026-08-31 18:08:45,059 - database - DEBUG - [database.py:147] - Lead 954e7786844addd19d395a658eaa0f2e040a6f62875844a46abe44f00580712f inserted/updated successfully.
2026-08-31 18:08:45,060 - __main__ - INFO - [url_generator.py:63] - Generated Demo URL for Peshawri by Welcomhotel Vadodara: https://yourdomain.com/preview/peshawri-by-welcomhotel-vadodara-vadodara
2026-08-31 18:08:45,071 - database - DEBUG - [database.py:147] - Lead dc4a1d19b98d3634095520f80a74ec925a809a541a6023957958b1a6c13b2996 inserted/updated successfully.
2026-08-31 18:08:45,071 - __main__ - INFO - [url_generator.py:63] - Generated Demo URL for The Secret Kitchen: https://yourdomain.com/preview/the-secret-kitchen-vadodara
2026-08-31 18:08:45,083 - database - DEBUG - [database.py:147] - Lead fc2c498117d6863eec83514e9fbaaadae9b8e46e8d7b617e9ce2b1cd3b6d3c86 inserted/updated successfully.
2026-08-31 18:08:45,083 - __main__ - INFO - [url_generator.py:63] - Generated Demo URL for Retro Bistro : The Fine Multi Cuisine Restaurant ( Vadodara ): https://yourdomain.com/preview/retro-bistro-the-fine-multi-cuisine-restaurant-vadodara-vadodara
2026-08-31 18:08:45,094 - database - DEBUG - [database.py:147] - Lead 510b7b02ec154001bfa344f57606f686afa0e1e241bd4b7e21482879b6b07e9e inserted/updated successfully.
2026-08-31 18:08:45,094 - __main__ - INFO - [url_generator.py:63] - Generated Demo URL for Sakura Pan Asian Cuisine: https://yourdomain.com/preview/sakura-pan-asian-cuisine-vadodara
2026-08-31 18:08:45,105 - database - DEBUG - [database.py:147] - Lead 491b3b5c2da8179bdf15c87c210009c8cd1eb71d0e8b11a5a4f670e0c84c14f3 inserted/updated successfully.
2026-08-31 18:08:45,106 - __main__ - INFO - [url_generator.py:63] - Generated Demo URL for Spice Kraft Restaurant: https://yourdomain.com/preview/spice-kraft-restaurant-vadodara
2026-08-31 18:08:45,118 - database - DEBUG - [database.py:147] - Lead e234570c1cada57d02a9c6bb64fc89bf15443a413c4d2ba213204d5b876cd4e8 inserted/updated successfully.
2026-08-31 18:08:45,119 - __main__ - INFO - [url_generator.py:63] - Generated Demo URL for Taste Carnival - (Banquet, Rooms, Restaurant): https://yourdomain.com/preview/taste-carnival---banquet-rooms-restaurant-vadodara
2026-08-31 18:08:45,131 - database - DEBUG - [database.py:147] - Lead 81eb6bbbd3e2ea9590fe092e9866472d0ebf47a6918d377f3226b1ac20425f9b inserted/updated successfully.
2026-08-31 18:08:45,131 - __main__ - INFO - [url_generator.py:63] - Generated Demo URL for Le Prive World Cuisine: https://yourdomain.com/preview/le-prive-world-cuisine-vadodara
2026-08-31 18:08:45,143 - database - DEBUG - [database.py:147] - Lead d034a132b04b025a77afe787765da25eb782c1cf07f83c9b5e05c891f8f78375 inserted/updated successfully.
2026-08-31 18:08:45,144 - __main__ - INFO - [url_generator.py:63] - Generated Demo URL for The House of Makeba - Veg Family Dining Restaurant in Vadodara: https://yourdomain.com/preview/the-house-of-makeba---veg-family-dining-restaurant-in-vadodara-vadodara
2026-08-31 18:08:45,147 - database - DEBUG - [database.py:147] - Lead 4a32cc6e9119c917795bac7ea3353e7eb30c71df0b46d71ea2bf3193d7c4ec03 inserted/updated successfully.
2026-08-31 18:08:45,148 - __main__ - INFO - [url_generator.py:63] - Generated Demo URL for Jassi De Parathe: https://yourdomain.com/preview/jassi-de-parathe-vadodara
2026-08-31 18:08:45,163 - database - DEBUG - [database.py:147] - Lead a11bcf960b736bd5814353ef590f79b9c8a978f1e6695ad6cabb2f3522c9d015 inserted/updated successfully.
2026-08-31 18:08:45,164 - __main__ - INFO - [url_generator.py:63] - Generated Demo URL for Vibes The Bistro: https://yourdomain.com/preview/vibes-the-bistro-vadodara
2026-08-31 18:08:45,175 - database - DEBUG - [database.py:147] - Lead 7208f2b757b861324229509e4e5d0b26278f896499d4ce2fadd8549324d5e061 inserted/updated successfully.
2026-08-31 18:08:45,176 - __main__ - INFO - [url_generator.py:63] - Generated Demo URL for Candle Light Date N Dinner & Rooftop Restaurant Vadodara: https://yourdomain.com/preview/candle-light-date-n-dinner-rooftop-restaurant-vadodara-vadodara
2026-08-31 18:08:45,179 - database - DEBUG - [database.py:147] - Lead c31a261506f8f1ffe9b37be08bc8f95e902a5c50a5dd17d7f4526729bbe7cfde inserted/updated successfully.
2026-08-31 18:08:45,179 - __main__ - INFO - [url_generator.py:63] - Generated Demo URL for Vadodara Rest 1: https://yourdomain.com/preview/vadodara-rest-1-vadodara
2026-08-31 18:08:45,193 - database - DEBUG - [database.py:147] - Lead 230fd204bdc93688c10c45900a6a5f0b0c1ae2c2634b877888e884cc50ea6902 inserted/updated successfully.
2026-08-31 18:08:45,194 - __main__ - INFO - [url_generator.py:63] - Generated Demo URL for Acme Corp: https://yourdomain.com/preview/acme-corp-new-york
2026-08-31 18:08:45,198 - database - DEBUG - [database.py:147] - Lead 68ca00ddd027f265c0289b54be07b06e3d96272736f8cf02b815bdabcab31cef inserted/updated successfully.
2026-08-31 18:08:48,511 - __main__ - ERROR - [personalizer.py:81] - Groq API Error for Barbeque Nation - Vadodara - Cine Mall: Expecting value: line 1 column 1 (char 0)
2026-08-31 18:08:48,511 - __main__ - INFO - [personalizer.py:82] - Falling back to local mock generator due to API error...
2026-08-31 18:08:49,039 - database - DEBUG - [database.py:147] - Lead fd8657d2b731b5d6bb2c8ddab80622646ef181713ac7c04c9f6ec0c98d1095ef inserted/updated successfully.
2026-08-31 18:08:49,040 - __main__ - INFO - [personalizer.py:171] - Successfully personalized and saved lead: Barbeque Nation - Vadodara - Cine Mall
2026-08-31 18:08:49,040 - __main__ - INFO - [personalizer.py:116] - Personalizing messages for 22nd Parallel (Status: VALID_WEBSITE)
2026-08-31 18:08:55,424 - __main__ - ERROR - [personalizer.py:81] - Groq API Error for 22nd Parallel: Expecting value: line 1 column 1 (char 0)
2026-08-31 18:08:55,425 - __main__ - INFO - [personalizer.py:82] - Falling back to local mock generator due to API error...
2026-08-31 18:08:55,955 - database - DEBUG - [database.py:147] - Lead 5935f464148d2b9a86e0de01c63c0bfed02fb167d99b62b08e82503877545140 inserted/updated successfully.
2026-08-31 18:08:55,956 - __main__ - INFO - [personalizer.py:171] - Successfully personalized and saved lead: 22nd Parallel
2026-08-31 18:08:55,956 - __main__ - INFO - [personalizer.py:116] - Personalizing messages for Bayleaf Multi Cuisine Restaurant (Status: VALID_WEBSITE)
2026-08-31 18:09:02,455 - __main__ - ERROR - [personalizer.py:81] - Groq API Error for Bayleaf Multi Cuisine Restaurant: Expecting value: line 1 column 1 (char 0)
2026-08-31 18:09:02,456 - __main__ - INFO - [personalizer.py:82] - Falling back to local mock generator due to API error...
2026-08-31 18:09:02,934 - __main__ - INFO - [personalizer.py:177] - Starting AI Personalization Module on all qualified leads (up to 50)...
2026-08-31 18:09:02,935 - database - INFO - [database.py:26] - Using SQLite Database (Local).
2026-08-31 18:09:02,942 - __main__ - INFO - [personalizer.py:101] - No leads found requiring personalization.
2026-08-31 18:09:02,969 - database - DEBUG - [database.py:147] - Lead d65cc2ef983b5aa66fb21ae9e1ba6b85442bcfd894f991a5b608d0c380ab5fb1 inserted/updated successfully.
2026-08-31 18:09:02,970 - __main__ - INFO - [personalizer.py:171] - Successfully personalized and saved lead: Bayleaf Multi Cuisine Restaurant
2026-08-31 18:09:02,970 - __main__ - INFO - [personalizer.py:116] - Personalizing messages for Peshawri by Welcomhotel Vadodara (Status: VALID_WEBSITE)
2026-08-31 18:09:08,317 - __main__ - ERROR - [personalizer.py:81] - Groq API Error for Peshawri by Welcomhotel Vadodara: Expecting value: line 1 column 1 (char 0)
2026-08-31 18:09:08,318 - __main__ - INFO - [personalizer.py:82] - Falling back to local mock generator due to API error...
2026-08-31 18:09:08,844 - database - DEBUG - [database.py:147] - Lead dc4a1d19b98d3634095520f80a74ec925a809a541a6023957958b1a6c13b2996 inserted/updated successfully.
2026-08-31 18:09:08,845 - __main__ - INFO - [personalizer.py:171] - Successfully personalized and saved lead: Peshawri by Welcomhotel Vadodara
2026-08-31 18:09:08,846 - __main__ - INFO - [personalizer.py:116] - Personalizing messages for The Secret Kitchen (Status: VALID_WEBSITE)
2026-08-31 18:09:16,092 - __main__ - ERROR - [personalizer.py:81] - Groq API Error for The Secret Kitchen: Expecting value: line 1 column 1 (char 0)
2026-08-31 18:09:16,093 - __main__ - INFO - [personalizer.py:82] - Falling back to local mock generator due to API error...
2026-08-31 18:09:16,659 - database - DEBUG - [database.py:147] - Lead fc2c498117d6863eec83514e9fbaaadae9b8e46e8d7b617e9ce2b1cd3b6d3c86 inserted/updated successfully.
2026-08-31 18:09:16,660 - __main__ - INFO - [personalizer.py:171] - Successfully personalized and saved lead: The Secret Kitchen
2026-08-31 18:09:16,661 - __main__ - INFO - [personalizer.py:116] - Personalizing messages for Retro Bistro : The Fine Multi Cuisine Restaurant ( Vadodara ) (Status: VALID_WEBSITE)
2026-08-31 18:09:22,236 - __main__ - ERROR - [personalizer.py:81] - Groq API Error for Retro Bistro : The Fine Multi Cuisine Restaurant ( Vadodara ): Expecting value: line 1 column 1 (char 0)
2026-08-31 18:09:22,236 - __main__ - INFO - [personalizer.py:82] - Falling back to local mock generator due to API error...
2026-08-31 18:09:22,766 - database - DEBUG - [database.py:147] - Lead 510b7b02ec154001bfa344f57606f686afa0e1e241bd4b7e21482879b6b07e9e inserted/updated successfully.
2026-08-31 18:09:22,767 - __main__ - INFO - [personalizer.py:171] - Successfully personalized and saved lead: Retro Bistro : The Fine Multi Cuisine Restaurant ( Vadodara )
2026-08-31 18:09:22,768 - __main__ - INFO - [personalizer.py:116] - Personalizing messages for Sakura Pan Asian Cuisine (Status: VALID_WEBSITE)
2026-08-31 18:09:28,449 - __main__ - ERROR - [personalizer.py:81] - Groq API Error for Sakura Pan Asian Cuisine: Expecting value: line 1 column 1 (char 0)
2026-08-31 18:09:28,450 - __main__ - INFO - [personalizer.py:82] - Falling back to local mock generator due to API error...
2026-08-31 18:09:28,985 - database - DEBUG - [database.py:147] - Lead 491b3b5c2da8179bdf15c87c210009c8cd1eb71d0e8b11a5a4f670e0c84c14f3 inserted/updated successfully.
2026-08-31 18:09:28,988 - __main__ - INFO - [personalizer.py:171] - Successfully personalized and saved lead: Sakura Pan Asian Cuisine
2026-08-31 18:09:28,989 - __main__ - INFO - [personalizer.py:116] - Personalizing messages for Spice Kraft Restaurant (Status: VALID_WEBSITE)
2026-08-31 18:09:35,314 - __main__ - ERROR - [personalizer.py:81] - Groq API Error for Spice Kraft Restaurant: Expecting value: line 1 column 1 (char 0)
2026-08-31 18:09:35,314 - __main__ - INFO - [personalizer.py:82] - Falling back to local mock generator due to API error...
2026-08-31 18:09:35,865 - database - DEBUG - [database.py:147] - Lead e234570c1cada57d02a9c6bb64fc89bf15443a413c4d2ba213204d5b876cd4e8 inserted/updated successfully.
2026-08-31 18:09:35,866 - __main__ - INFO - [personalizer.py:171] - Successfully personalized and saved lead: Spice Kraft Restaurant
2026-08-31 18:09:35,866 - __main__ - INFO - [personalizer.py:116] - Personalizing messages for Taste Carnival - (Banquet, Rooms, Restaurant) (Status: VALID_WEBSITE)
2026-08-31 18:09:41,404 - __main__ - ERROR - [personalizer.py:81] - Groq API Error for Taste Carnival - (Banquet, Rooms, Restaurant): Expecting value: line 1 column 1 (char 0)
2026-08-31 18:09:41,405 - __main__ - INFO - [personalizer.py:82] - Falling back to local mock generator due to API error...
2026-08-31 18:09:41,942 - database - DEBUG - [database.py:147] - Lead 81eb6bbbd3e2ea9590fe092e9866472d0ebf47a6918d377f3226b1ac20425f9b inserted/updated successfully.
2026-08-31 18:09:41,943 - __main__ - INFO - [personalizer.py:171] - Successfully personalized and saved lead: Taste Carnival - (Banquet, Rooms, Restaurant)
2026-08-31 18:09:41,943 - __main__ - INFO - [personalizer.py:116] - Personalizing messages for Reliant Plumbing - Dallas (Status: VALID_WEBSITE)
2026-08-31 18:09:48,247 - __main__ - ERROR - [personalizer.py:81] - Groq API Error for Reliant Plumbing - Dallas: Expecting value: line 1 column 1 (char 0)
2026-08-31 18:09:48,248 - __main__ - INFO - [personalizer.py:82] - Falling back to local mock generator due to API error...
2026-08-31 18:09:48,774 - database - DEBUG - [database.py:147] - Lead 4ea6745a9c64a2b4a014a151a390ed3f4b5f8c945fb3ec2e515169e5a776c42d inserted/updated successfully.
2026-08-31 18:09:48,775 - __main__ - INFO - [personalizer.py:171] - Successfully personalized and saved lead: Reliant Plumbing - Dallas
2026-08-31 18:09:48,776 - __main__ - INFO - [personalizer.py:116] - Personalizing messages for Tide Turners Plumbing (Status: VALID_WEBSITE)
2026-08-31 18:09:55,306 - __main__ - ERROR - [personalizer.py:81] - Groq API Error for Tide Turners Plumbing: Expecting value: line 1 column 1 (char 0)
2026-08-31 18:09:55,306 - __main__ - INFO - [personalizer.py:82] - Falling back to local mock generator due to API error...
2026-08-31 18:09:55,830 - database - DEBUG - [database.py:147] - Lead eba6b5001ce1fa26a6e33f98ba29d7718325dcff8d4a5f73f7e3d0b7b009d086 inserted/updated successfully.
2026-08-31 18:09:55,831 - __main__ - INFO - [personalizer.py:171] - Successfully personalized and saved lead: Tide Turners Plumbing
2026-08-31 18:09:55,831 - __main__ - INFO - [personalizer.py:116] - Personalizing messages for Baker Brothers Plumbing, Air & Electric (Status: VALID_WEBSITE)
2026-08-31 18:10:01,293 - __main__ - ERROR - [personalizer.py:81] - Groq API Error for Baker Brothers Plumbing, Air & Electric: Expecting value: line 1 column 1 (char 0)
2026-08-31 18:10:01,293 - __main__ - INFO - [personalizer.py:82] - Falling back to local mock generator due to API error...
2026-08-31 18:10:01,805 - database - DEBUG - [database.py:147] - Lead d80aeddb5e5224b66c7efbbfbf79953ab930347eaeaefb4ac58d269445537b3c inserted/updated successfully.
2026-08-31 18:10:01,805 - __main__ - INFO - [personalizer.py:171] - Successfully personalized and saved lead: Baker Brothers Plumbing, Air & Electric
2026-08-31 18:10:01,805 - __main__ - INFO - [personalizer.py:116] - Personalizing messages for Milestone Electric, A/C, & Plumbing (Status: VALID_WEBSITE)
2026-08-31 18:10:08,331 - __main__ - ERROR - [personalizer.py:81] - Groq API Error for Milestone Electric, A/C, & Plumbing: Expecting value: line 1 column 1 (char 0)
2026-08-31 18:10:08,332 - __main__ - INFO - [personalizer.py:82] - Falling back to local mock generator due to API error...
2026-08-31 18:10:08,874 - database - DEBUG - [database.py:147] - Lead 135e8d4ba520bd4944a0e4c55f794c194b88155e14347dcc24b83cfc9035e858 inserted/updated successfully.
2026-08-31 18:10:08,878 - __main__ - INFO - [personalizer.py:171] - Successfully personalized and saved lead: Milestone Electric, A/C, & Plumbing
2026-08-31 18:10:08,880 - __main__ - INFO - [personalizer.py:116] - Personalizing messages for Tribeca Plumbing, Inc. (Status: VALID_WEBSITE)
2026-08-31 18:10:14,387 - __main__ - ERROR - [personalizer.py:81] - Groq API Error for Tribeca Plumbing, Inc.: Expecting value: line 1 column 1 (char 0)
2026-08-31 18:10:14,387 - __main__ - INFO - [personalizer.py:82] - Falling back to local mock generator due to API error...
2026-08-31 18:10:14,920 - database - DEBUG - [database.py:147] - Lead bc96e159fba01ff74d0532dc10e62b11bda798c3d208f3c4c4af1cbd8fb63bcf inserted/updated successfully.
2026-08-31 18:10:14,921 - __main__ - INFO - [personalizer.py:171] - Successfully personalized and saved lead: Tribeca Plumbing, Inc.
2026-08-31 18:10:14,921 - __main__ - INFO - [personalizer.py:116] - Personalizing messages for Metro Flow Plumbing - Dallas Emergency Plumbers (Status: VALID_WEBSITE)
2026-08-31 18:10:21,591 - __main__ - ERROR - [personalizer.py:81] - Groq API Error for Metro Flow Plumbing - Dallas Emergency Plumbers: Expecting value: line 1 column 1 (char 0)
2026-08-31 18:10:21,591 - __main__ - INFO - [personalizer.py:82] - Falling back to local mock generator due to API error...
2026-08-31 18:10:22,121 - database - DEBUG - [database.py:147] - Lead a2863e404db00b421357dbc7caeee7bd4b0d7625988eb587672f111efe46e075 inserted/updated successfully.
2026-08-31 18:10:22,122 - __main__ - INFO - [personalizer.py:171] - Successfully personalized and saved lead: Metro Flow Plumbing - Dallas Emergency Plumbers
2026-08-31 18:12:44,705 - database - INFO - [database.py:26] - Using SQLite Database (Local).
